dataset,target_key,target_family,target_column,target_label,unit,baseline,baseline_display_name,validation_design,repeat,prediction_rows,publication_count,source_seen_fraction,fallback_fraction,mae,median_absolute_error,rmse,bias,r2,pearson_r,calibration_intercept,calibration_slope,macro_publication_mae,macro_publication_rmse,macro_publication_absolute_bias,publication_mean_mae,publication_mean_rmse,publication_mean_r2,publication_mean_pearson_r
cell_viability,cell_viability,raw_outcome,cell_viability_percent,Cell viability,%,global_training_mean,Global training mean,leave_one_publication_out,1,608,75,0.0,0.0,13.687738220541974,12.240934256055368,17.22525447680576,0.024181970759952032,-0.027842637476318766,-0.5886441261257301,2103.1290763162656,-25.382172257918803,12.590561964402315,14.025441197996997,9.945139152083145,9.945139152083145,12.047360492239962,-0.08087144116389267,-0.7420360154551352
cell_viability,cell_viability,raw_outcome,cell_viability_percent,Cell viability,%,global_training_mean,Global training mean,publication_grouped,1,608,75,0.0,0.0,13.584502843783511,12.101211498973328,17.079097831174543,-0.0013076006741726293,-0.01047410491681644,-0.13628222633015352,397.7313964223818,-3.990763185674597,12.58643229931475,14.014518208710085,9.922607598509313,9.922607598509313,12.012745654073697,-0.07466917963930375,-0.21120594697910572
cell_viability,cell_viability,raw_outcome,cell_viability_percent,Cell viability,%,global_training_mean,Global training mean,publication_grouped,2,608,75,0.0,0.0,13.628745834475772,12.199669715060715,17.16945364727342,-0.0014823710411556665,-0.021194077060815886,-0.19375589447610006,397.42361621625787,-3.9869098674753154,12.53180182983063,13.97625250051107,9.854577424689584,9.854577424689584,11.96486058941907,-0.06611858865794606,-0.07929672085758362
cell_viability,cell_viability,raw_outcome,cell_viability_percent,Cell viability,%,global_training_mean,Global training mean,publication_grouped,3,608,75,0.0,0.0,13.741437422183504,12.117815951360896,17.311808041466612,-0.005512124043076146,-0.038198009158622925,-0.26088214915588864,399.0932816046097,-4.008063739375396,12.605264797471689,14.04909702395996,9.95868081230109,9.95868081230109,12.080279358248434,-0.08678637564038394,-0.14377745095736075
cell_viability,cell_viability,raw_outcome,cell_viability_percent,Cell viability,%,global_training_mean,Global training mean,publication_grouped,4,608,75,0.0,0.0,13.730561923957817,12.533276748971197,17.25123068350116,-0.0041042434268937795,-0.030945010753892888,-0.23484508106691554,399.1809758555316,-4.009093365665809,12.657760045509626,14.140874433254297,10.127966429627293,10.127966429627293,12.147809306866023,-0.0989708220979515,-0.2445372955122929
cell_viability,cell_viability,raw_outcome,cell_viability_percent,Cell viability,%,global_training_mean,Global training mean,publication_grouped,5,608,75,0.0,0.0,13.729751798535254,12.300764887063657,17.2319597048493,-0.00032793175130735026,-0.028643004250091142,-0.22515993710564947,397.2098791445587,-3.984170149115104,12.713316634553163,14.154990805700379,10.095570130514277,10.095570130514277,12.174878942426533,-0.10387407407939264,-0.2813660288701779
cell_viability,cell_viability,raw_outcome,cell_viability_percent,Cell viability,%,global_training_mean,Global training mean,random_rowwise,1,608,75,0.9884868421052632,0.0,13.492140629009656,12.12828445973922,17.001581141816377,0.00011063138403651158,-0.0013224678070673512,-0.048517167743039574,398.82239961470117,-4.004381957456703,12.484334307510645,13.916651623053067,9.806931185485388,9.806931185485388,11.887126306598237,-0.05231069643761521,-0.11743671222864807
cell_viability,cell_viability,raw_outcome,cell_viability_percent,Cell viability,%,global_training_mean,Global training mean,random_rowwise,2,608,75,0.9917763157894737,0.0,13.486608375942694,12.026512345678995,17.0017491489632,0.0006572297734348998,-0.0013422577502106847,-0.04881797097031828,398.1099701806393,-3.9954150663690444,12.472616615795943,13.907277004913652,9.791106522341082,9.79110652234108,11.867707504370047,-0.04887539646952521,0.08320023675349134
cell_viability,cell_viability,raw_outcome,cell_viability_percent,Cell viability,%,global_training_mean,Global training mean,random_rowwise,3,608,75,0.9736842105263158,0.0,13.527760597066395,12.123566018962144,17.04294792630819,0.0010180092158938244,-0.006201059038131618,-0.10523163654992475,399.76756872035264,-4.016196110601667,12.557799117997119,13.992106899883895,9.858724679570512,9.85872467957051,11.930753480010704,-0.060049082727791525,-0.16413293460709238
cell_viability,cell_viability,raw_outcome,cell_viability_percent,Cell viability,%,global_training_mean,Global training mean,random_rowwise,4,608,75,0.9884868421052632,0.0,13.524157948342525,12.00553205355709,17.053116096676707,0.0008806519179112483,-0.007402057353204539,-0.1145459557489107,397.6383162389023,-3.9894856596800126,12.526426758521993,13.969916460655497,9.84795734580826,9.847957345808258,11.932654943270627,-0.06038700019620857,-0.22605188268294665
cell_viability,cell_viability,raw_outcome,cell_viability_percent,Cell viability,%,global_training_mean,Global training mean,random_rowwise,5,608,75,0.9884868421052632,0.0,13.52905401815516,12.090605749486656,17.030733961128057,0.000729034980427061,-0.0047593717203322505,-0.09227087351999898,400.2663205113375,-4.022468908547585,12.515846580906603,13.95929605456113,9.82356212726638,9.823562127266378,11.898416300157658,-0.054310544435732355,-0.1777028817029413
cell_viability,cell_viability,raw_outcome,cell_viability_percent,Cell viability,%,global_training_median,Global training median,leave_one_publication_out,1,608,75,0.0,0.0,12.972574013157896,10.200000000000003,17.848210013864502,5.160485197368421,-0.10353133871876108,-0.42085928942319245,2786.501956316769,-31.89919697488315,11.193117895282105,13.031792403943806,9.274799934724147,9.274799934724145,11.946875700399941,-0.06291594142095591,-0.5389640999892789
cell_viability,cell_viability,raw_outcome,cell_viability_percent,Cell viability,%,global_training_median,Global training median,publication_grouped,1,608,75,0.0,0.0,12.960797697368422,10.224999999999994,17.787495121268332,5.059646381578946,-0.09603626473969729,-0.10399800587405003,365.89585835121164,-3.376839503508823,11.20319201745623,13.020893065493548,9.243266601390811,9.243266601390813,11.900864322926012,-0.054744424317259455,-0.08540194786707313
cell_viability,cell_viability,raw_outcome,cell_viability_percent,Cell viability,%,global_training_median,Global training median,publication_grouped,2,608,75,0.0,0.0,13.081044407894737,10.299999999999997,17.928970788765536,5.208133223684211,-0.11354059776173253,-0.18093313337479344,401.142978580028,-3.7860810447382813,11.290454114618324,13.101816305962357,9.363199934724143,9.363199934724143,11.992291570103031,-0.07101262010702869,-0.11162734615382305
cell_viability,cell_viability,raw_outcome,cell_viability_percent,Cell viability,%,global_training_median,Global training median,publication_grouped,3,608,75,0.0,0.0,13.055370065789473,10.39,17.90348011896195,5.11907072368421,-0.11037647665419814,-0.19240922630589974,438.02752537096507,-4.224946233217791,11.276831488355699,13.096218229033171,9.357466601390813,9.357466601390813,11.994137712129213,-0.07134239754602367,-0.1498751361537242
cell_viability,cell_viability,raw_outcome,cell_viability_percent,Cell viability,%,global_training_median,Global training median,publication_grouped,4,608,75,0.0,0.0,13.246899671052631,10.417500000000004,18.014673849109858,5.148495065789473,-0.12421181050560759,-0.20752657531086294,341.84501601842067,-3.0898286975969684,11.45937752972174,13.238372637139248,9.543399934724144,9.543399934724144,12.150419696556911,-0.09944317892507093,-0.21131381270461366
cell_viability,cell_viability,raw_outcome,cell_viability_percent,Cell viability,%,global_training_median,Global training median,publication_grouped,5,608,75,0.0,0.0,13.141175986842107,10.149999999999999,17.95357329670241,5.096768092105265,-0.1165987418486909,-0.21029869302491513,398.95810975790755,-3.7652860919534694,11.386331238235448,13.170754775854236,9.439199934724144,9.439199934724144,12.076907919011639,-0.08617984613398533,-0.20428013473057896
cell_viability,cell_viability,raw_outcome,cell_viability_percent,Cell viability,%,global_training_median,Global training median,random_rowwise,1,608,75,0.9884868421052632,0.0,12.870995065789474,10.100000000000001,17.76211322336223,5.159465460526315,-0.09291051467148903,-0.04418175403378021,595.6629771376734,-6.08066030395288,11.139396389964814,12.976114042068456,9.191047972456396,9.191047972456396,11.874744645431104,-0.05011965910100824,-0.1237922982607243
cell_viability,cell_viability,raw_outcome,cell_viability_percent,Cell viability,%,global_training_median,Global training median,random_rowwise,2,608,75,0.9917763157894737,0.0,12.876027960526315,10.099999999999994,17.75668416700899,5.154958881578946,-0.09224251240120473,-0.0032208380560794143,104.86211099854197,-0.29661413856021274,11.148402310087572,12.980084410400021,9.194961934907198,9.194961934907196,11.868749776928649,-0.04905963795813362,-0.028905315364305406
cell_viability,cell_viability,raw_outcome,cell_viability_percent,Cell viability,%,global_training_median,Global training median,random_rowwise,3,608,75,0.9736842105263158,0.0,12.890962171052632,10.0,17.777459219222482,5.126175986842107,-0.09479982200993353,-0.09353862627672581,511.9932958762797,-5.096617069530913,11.186798204641361,13.020792892446549,9.223023486026644,9.22302348602664,11.901822883857523,-0.0549143409699786,-0.2483634490825243
cell_viability,cell_viability,raw_outcome,cell_viability_percent,Cell viability,%,global_training_median,Global training median,random_rowwise,4,608,75,0.9884868421052632,0.0,12.89814967105263,10.049999999999997,17.765575980698934,5.11030427631579,-0.09333668612435186,-0.07297024220641546,432.22195434358844,-4.156924968816804,11.174407170120327,12.99841283432832,9.210299796382953,9.210299796382953,11.876542608025716,-0.050437681738242146,-0.1299338791900822
cell_viability,cell_viability,raw_outcome,cell_viability_percent,Cell viability,%,global_training_median,Global training median,random_rowwise,5,608,75,0.9884868421052632,0.0,12.886800986842104,10.150000000000006,17.77500235606802,5.142014802631578,-0.094497237996513,-0.0875936383717398,566.9619020763205,-5.743600872312006,11.148310042511097,12.996095793750685,9.199587079548134,9.199587079548133,11.877610929823748,-0.050626668715744394,-0.12563594396449015
cell_viability,cell_viability,raw_outcome,cell_viability_percent,Cell viability,%,source_training_mean_with_global_fallback,Source training mean with global fallback,leave_one_publication_out,1,608,75,0.0,1.0,13.687738220541974,12.240934256055368,17.22525447680576,0.024181970759952032,-0.027842637476318766,-0.5886441261257301,2103.1290763162656,-25.382172257918803,12.590561964402315,14.025441197996997,9.945139152083145,9.945139152083145,12.047360492239962,-0.08087144116389267,-0.7420360154551352
cell_viability,cell_viability,raw_outcome,cell_viability_percent,Cell viability,%,source_training_mean_with_global_fallback,Source training mean with global fallback,publication_grouped,1,608,75,0.0,1.0,13.584502843783511,12.101211498973328,17.079097831174543,-0.0013076006741726293,-0.01047410491681644,-0.13628222633015352,397.7313964223818,-3.990763185674597,12.58643229931475,14.014518208710085,9.922607598509313,9.922607598509313,12.012745654073697,-0.07466917963930375,-0.21120594697910572
cell_viability,cell_viability,raw_outcome,cell_viability_percent,Cell viability,%,source_training_mean_with_global_fallback,Source training mean with global fallback,publication_grouped,2,608,75,0.0,1.0,13.628745834475772,12.199669715060715,17.16945364727342,-0.0014823710411556665,-0.021194077060815886,-0.19375589447610006,397.42361621625787,-3.9869098674753154,12.53180182983063,13.97625250051107,9.854577424689584,9.854577424689584,11.96486058941907,-0.06611858865794606,-0.07929672085758362
cell_viability,cell_viability,raw_outcome,cell_viability_percent,Cell viability,%,source_training_mean_with_global_fallback,Source training mean with global fallback,publication_grouped,3,608,75,0.0,1.0,13.741437422183504,12.117815951360896,17.311808041466612,-0.005512124043076146,-0.038198009158622925,-0.26088214915588864,399.0932816046097,-4.008063739375396,12.605264797471689,14.04909702395996,9.95868081230109,9.95868081230109,12.080279358248434,-0.08678637564038394,-0.14377745095736075
cell_viability,cell_viability,raw_outcome,cell_viability_percent,Cell viability,%,source_training_mean_with_global_fallback,Source training mean with global fallback,publication_grouped,4,608,75,0.0,1.0,13.730561923957817,12.533276748971197,17.25123068350116,-0.0041042434268937795,-0.030945010753892888,-0.23484508106691554,399.1809758555316,-4.009093365665809,12.657760045509626,14.140874433254297,10.127966429627293,10.127966429627293,12.147809306866023,-0.0989708220979515,-0.2445372955122929
cell_viability,cell_viability,raw_outcome,cell_viability_percent,Cell viability,%,source_training_mean_with_global_fallback,Source training mean with global fallback,publication_grouped,5,608,75,0.0,1.0,13.729751798535254,12.300764887063657,17.2319597048493,-0.00032793175130735026,-0.028643004250091142,-0.22515993710564947,397.2098791445587,-3.984170149115104,12.713316634553163,14.154990805700379,10.095570130514277,10.095570130514277,12.174878942426533,-0.10387407407939264,-0.2813660288701779
cell_viability,cell_viability,raw_outcome,cell_viability_percent,Cell viability,%,source_training_mean_with_global_fallback,Source training mean with global fallback,random_rowwise,1,608,75,0.9884868421052632,0.011513157894736841,9.356385395123024,6.177083333333329,13.499560107472039,-0.18941387647444974,0.3687017725981644,0.6170840659391642,12.161245861510709,0.8494206422945476,8.705321821017373,9.920257386014459,1.3124950594690956,1.3124950594690956,3.5400205943192824,0.9066741815287999,0.9552238689426822
cell_viability,cell_viability,raw_outcome,cell_viability_percent,Cell viability,%,source_training_mean_with_global_fallback,Source training mean with global fallback,random_rowwise,2,608,75,0.9917763157894737,0.008223684210526315,9.172461326732403,5.841666666666669,13.392115051803861,-0.13516171535967447,0.37871097860206127,0.6242846641992146,11.559595100289377,0.8564037009094916,8.578697113216307,9.810801067380785,1.350584415769034,1.3505844157690334,3.4378946657366436,0.9119812163807839,0.9578698552576369
cell_viability,cell_viability,raw_outcome,cell_viability_percent,Cell viability,%,source_training_mean_with_global_fallback,Source training mean with global fallback,random_rowwise,3,608,75,0.9736842105263158,0.02631578947368421,9.459619233660716,6.199999999999996,13.661587217866327,-0.019938969886295836,0.3534566425292027,0.6042993226173363,12.124746392290973,0.8480719564772786,8.954729718744709,10.18602875582866,1.688447335215313,1.6884473352153118,4.44696864673013,0.8527286170075535,0.9246355895608634
cell_viability,cell_viability,raw_outcome,cell_viability_percent,Cell viability,%,source_training_mean_with_global_fallback,Source training mean with global fallback,random_rowwise,4,608,75,0.9884868421052632,0.011513157894736841,9.36752645478239,6.634545454545446,13.585251328714413,0.07337268166508375,0.3606617460148075,0.6126379634338682,13.084324203427641,0.8350502705527333,8.813169562721908,9.973766153309386,1.4586583468123882,1.4586583468123893,3.6425175942223627,0.9011916728512155,0.9498142987241353
cell_viability,cell_viability,raw_outcome,cell_viability_percent,Cell viability,%,source_training_mean_with_global_fallback,Source training mean with global fallback,random_rowwise,5,608,75,0.9884868421052632,0.011513157894736841,8.983195161200877,5.822222222222219,13.014913944996414,0.21119520606661166,0.413216439816828,0.646912915660131,7.7505995868895186,0.9003601680723021,8.23161818779724,9.551494326023963,1.2519455993042028,1.2519455993042024,3.4773443561956805,0.909949603180275,0.9539470762872388
filament_diameter,filament_diameter,raw_outcome,filament_diameter_um,Filament diameter,µm,global_training_mean,Global training mean,leave_one_publication_out,1,286,54,0.0,0.0,338.83109688192036,319.7988295373666,422.43939895211724,-3.1407498414882484,-0.048797567555594945,-0.8013120750055488,20716.51299185689,-26.839086585719524,357.1348389067964,376.04117786255404,350.2517366446578,350.2517366446578,395.3858120012437,-0.08894583660606825,-0.8011032761027402
filament_diameter,filament_diameter,raw_outcome,filament_diameter_um,Filament diameter,µm,global_training_mean,Global training mean,publication_grouped,1,286,54,0.0,0.0,330.45622336078463,320.1854260926607,415.16311029993005,0.029577648722606428,-0.012978792599960709,-0.1522000296016219,3746.6790956136565,-4.014267671850132,351.46360742774465,370.2514763403329,344.78445419699165,344.78445419699176,389.24052037527554,-0.055358969720422646,-0.03053965293100963
filament_diameter,filament_diameter,raw_outcome,filament_diameter_um,Filament diameter,µm,global_training_mean,Global training mean,publication_grouped,2,286,54,0.0,0.0,337.1622859307053,321.54999999999995,421.68945401350294,0.008878575712499257,-0.045077070520162854,-0.2837704531066079,3748.9803808441216,-4.017458801988379,357.5347317961435,376.5686355040613,350.97950028239575,350.97950028239575,395.8445165196961,-0.09147397043868821,-0.2214149092733616
filament_diameter,filament_diameter,raw_outcome,filament_diameter_um,Filament diameter,µm,global_training_mean,Global training mean,publication_grouped,3,286,54,0.0,0.0,331.32582796932246,324.60986885964894,418.08213982054355,0.03244497807211135,-0.027273463891421823,-0.2206743507687194,3747.736416845821,-4.015667288592641,351.89367942715734,371.111821562071,345.7705855929246,345.7705855929246,392.04396640950773,-0.07061584226378614,-0.13643954100461517
filament_diameter,filament_diameter,raw_outcome,filament_diameter_um,Filament diameter,µm,global_training_mean,Global training mean,publication_grouped,4,286,54,0.0,0.0,338.1937078868213,316.12726593886464,424.2580820646394,0.10237106785990631,-0.057847558429058976,-0.3210762193817281,3742.8475231264238,-4.008749296082438,356.10396957306534,374.92982983746674,349.9426295768532,349.9426295768532,395.31596310739127,-0.08856112404778416,-0.173052204712605
filament_diameter,filament_diameter,raw_outcome,filament_diameter_um,Filament diameter,µm,global_training_mean,Global training mean,publication_grouped,5,286,54,0.0,0.0,343.26002200595315,329.53499999999997,428.92418859870656,0.04931709750828075,-0.08124451191375726,-0.3808938995883993,3748.118707172955,-4.016088227004624,359.6324524855859,378.2240368719594,353.3320855358921,353.3320855358921,398.9241522920347,-0.10852317848800785,-0.21360551210905054
filament_diameter,filament_diameter,raw_outcome,filament_diameter_um,Filament diameter,µm,global_training_mean,Global training mean,random_rowwise,1,286,54,0.9475524475524476,0.0,329.9215416936679,313.39209170305674,413.4806457678244,-0.033321512389794264,-0.004785157493415904,-0.09231353671950532,3740.463025662244,-4.006285870816321,351.73090402555135,371.3057760897575,344.5429736533285,344.5429736533285,389.1909320177629,-0.055090086181481146,-0.16763994726482317
filament_diameter,filament_diameter,raw_outcome,filament_diameter_um,Filament diameter,µm,global_training_mean,Global training mean,random_rowwise,2,286,54,0.9615384615384616,0.0,329.69433598079695,315.2016498448632,412.71861146325136,0.007253721272958488,-0.0010849833668051811,-0.04401131491898899,3747.275868350223,-4.015186299653268,351.23102794287746,370.52435752236937,344.15476765226384,344.15476765226384,388.54175803589504,-0.05157322216640048,-0.04767270107732702
filament_diameter,filament_diameter,raw_outcome,filament_diameter_um,Filament diameter,µm,global_training_mean,Global training mean,random_rowwise,3,286,54,0.9475524475524476,0.0,331.7446910933183,320.9151805676855,415.60164585193206,-0.003577545485666735,-0.015119935783886262,-0.16434895256303744,3748.9631288553414,-4.017502687161077,354.3844246409146,374.29550557509754,347.5745995953377,347.5745995953377,392.2419307279354,-0.07169733956834645,-0.3382210431703654
filament_diameter,filament_diameter,raw_outcome,filament_diameter_um,Filament diameter,µm,global_training_mean,Global training mean,random_rowwise,4,286,54,0.9545454545454546,0.0,331.3931947240647,323.78362882096076,414.47786242475456,0.07262226873326749,-0.009637606015688194,-0.1307326547106131,3729.5267519980507,-3.991082558212046,352.8019738045029,371.9113946811433,345.64939950424974,345.64939950424974,390.2395784715353,-0.06078347194774758,-0.2108782740999633
filament_diameter,filament_diameter,raw_outcome,filament_diameter_um,Filament diameter,µm,global_training_mean,Global training mean,random_rowwise,5,286,54,0.9755244755244755,0.0,331.2209181316596,323.71966069868984,415.37644269694465,-0.029796556440986888,-0.014020102439893822,-0.15819221027329805,3746.5887896459267,-4.014465808704112,353.0172698513761,372.55585604631983,346.06657089260347,346.0665708926036,390.66082811770923,-0.0630748635373799,-0.24018637142819693
filament_diameter,filament_diameter,raw_outcome,filament_diameter_um,Filament diameter,µm,global_training_median,Global training median,leave_one_publication_out,1,286,54,0.0,0.0,349.1089891608392,318.1397999999999,430.6099579993539,-52.443487762237766,-0.08976028617170262,-0.5348490065396457,6475.46125230633,-8.245257646755137,350.1796716049383,369.23917121632985,342.28831975308645,342.28831975308645,391.9580124232993,-0.07014643771062201,-0.6503721264032267
filament_diameter,filament_diameter,raw_outcome,filament_diameter_um,Filament diameter,µm,global_training_median,Global training median,publication_grouped,1,286,54,0.0,0.0,336.4650772727272,295.77000000000004,417.9451553917226,-34.90231783216778,-0.02660040277833664,-0.06076255438333242,1221.0461845723325,-0.6652830044482853,347.30606604938265,366.36447671114814,339.31400370370363,339.31400370370363,386.65798828058223,-0.04140124074161933,-0.05938084522315256
filament_diameter,filament_diameter,raw_outcome,filament_diameter_um,Filament diameter,µm,global_training_median,Global training median,publication_grouped,2,286,54,0.0,0.0,348.24946608391605,318.91999999999996,429.72448915929294,-45.66762622377623,-0.08528311772590502,-0.21441138001799534,1899.3210048510555,-1.6423674480275041,352.89798621399177,373.13755701141025,345.97860864197537,345.97860864197537,396.9680341149488,-0.09767858076835467,-0.232170355522242
filament_diameter,filament_diameter,raw_outcome,filament_diameter_um,Filament diameter,µm,global_training_median,Global training median,publication_grouped,3,286,54,0.0,0.0,335.8732409090909,304.0445000000001,419.27086678573744,-36.53267727272724,-0.03312343252927952,-0.10817195337567174,1660.8880968709293,-1.2857406744235034,342.78696604938267,362.541019070454,335.4044234567901,335.4044234567901,385.14670465882494,-0.03327635041443222,-0.04181485681900687
filament_diameter,filament_diameter,raw_outcome,filament_diameter_um,Filament diameter,µm,global_training_median,Global training median,publication_grouped,4,286,54,0.0,0.0,351.6359688811189,300.0,432.4635182999574,-24.876264685314688,-0.09916222299886557,-0.20719936995901586,1654.7734096074153,-1.2565260782329644,347.7490379012346,367.15026747502515,340.5687160493827,340.5687160493827,392.6748395535082,-0.07406426275772038,-0.04154256496545113
filament_diameter,filament_diameter,raw_outcome,filament_diameter_um,Filament diameter,µm,global_training_median,Global training median,publication_grouped,5,286,54,0.0,0.0,354.66540734265726,323.6275,436.0739958968541,-34.6141297202797,-0.11759183004299012,-0.27427001296329784,1994.013534410208,-1.7497801564518412,356.7871969135802,376.3798603095079,349.6875592592592,349.6875592592592,398.92622531524137,-0.10853469947630434,-0.1690224152182211
filament_diameter,filament_diameter,raw_outcome,filament_diameter_um,Filament diameter,µm,global_training_median,Global training median,random_rowwise,1,286,54,0.9475524475524476,0.0,328.9141513986014,297.725,416.086404202643,-47.5434304195804,-0.017489391519935005,-0.07007406126538647,2677.348040348049,-2.758815421091727,338.3410067667415,358.4715253760639,330.2683066638608,330.2683066638608,381.5447260271357,-0.014039859224886042,-0.11618977015463704
filament_diameter,filament_diameter,raw_outcome,filament_diameter_um,Filament diameter,µm,global_training_median,Global training median,random_rowwise,2,286,54,0.9615384615384616,0.0,328.8809695804196,299.89,415.3044959860738,-44.79252132867132,-0.013668859156057422,-0.023405548929434698,1383.4126370920726,-0.9058144054652214,338.92217628600815,358.7026231446307,330.62467782921806,330.62467782921806,381.5031979741054,-0.013819131187252864,-0.059943702977277316
filament_diameter,filament_diameter,raw_outcome,filament_diameter_um,Filament diameter,µm,global_training_median,Global training median,random_rowwise,3,286,54,0.9475524475524476,0.0,332.2727828671329,305.255,419.32085213584537,-42.68023391608392,-0.03336978456031958,-0.14350884866325198,2315.1686018384194,-2.225676682525821,343.69647118967447,364.2885911910898,336.3362194612794,336.33621946127954,386.80208447784645,-0.042177585340888335,-0.2729981780870976
filament_diameter,filament_diameter,raw_outcome,filament_diameter_um,Filament diameter,µm,global_training_median,Global training median,random_rowwise,4,286,54,0.9545454545454546,0.0,332.0941416083916,307.00509999999997,418.5820745973261,-40.88647797202796,-0.029731721441520476,-0.11605100836404394,1977.2243250866197,-1.7415484809611879,342.8308045482604,362.4835172557477,335.31206936307524,335.31206936307524,385.4039338904894,-0.03465700685083695,-0.23217681527255554
filament_diameter,filament_diameter,raw_outcome,filament_diameter_um,Filament diameter,µm,global_training_median,Global training median,random_rowwise,5,286,54,0.9755244755244755,0.0,331.66396468531474,304.97,418.3771604170846,-39.45920874125875,-0.028723771049490088,-0.13318602227849405,2318.7899465210185,-2.2206639484891135,343.72467441545086,363.6247129154736,335.8160207323233,335.8160207323233,384.98218756561687,-0.032393801955551416,-0.22084739588661892
filament_diameter,filament_diameter,raw_outcome,filament_diameter_um,Filament diameter,µm,source_training_mean_with_global_fallback,Source training mean with global fallback,leave_one_publication_out,1,286,54,0.0,1.0,338.83109688192036,319.7988295373666,422.43939895211724,-3.1407498414882484,-0.048797567555594945,-0.8013120750055488,20716.51299185689,-26.839086585719524,357.1348389067964,376.04117786255404,350.2517366446578,350.2517366446578,395.3858120012437,-0.08894583660606825,-0.8011032761027402
filament_diameter,filament_diameter,raw_outcome,filament_diameter_um,Filament diameter,µm,source_training_mean_with_global_fallback,Source training mean with global fallback,publication_grouped,1,286,54,0.0,1.0,330.45622336078463,320.1854260926607,415.16311029993005,0.029577648722606428,-0.012978792599960709,-0.1522000296016219,3746.6790956136565,-4.014267671850132,351.46360742774465,370.2514763403329,344.78445419699165,344.78445419699176,389.24052037527554,-0.055358969720422646,-0.03053965293100963
filament_diameter,filament_diameter,raw_outcome,filament_diameter_um,Filament diameter,µm,source_training_mean_with_global_fallback,Source training mean with global fallback,publication_grouped,2,286,54,0.0,1.0,337.1622859307053,321.54999999999995,421.68945401350294,0.008878575712499257,-0.045077070520162854,-0.2837704531066079,3748.9803808441216,-4.017458801988379,357.5347317961435,376.5686355040613,350.97950028239575,350.97950028239575,395.8445165196961,-0.09147397043868821,-0.2214149092733616
filament_diameter,filament_diameter,raw_outcome,filament_diameter_um,Filament diameter,µm,source_training_mean_with_global_fallback,Source training mean with global fallback,publication_grouped,3,286,54,0.0,1.0,331.32582796932246,324.60986885964894,418.08213982054355,0.03244497807211135,-0.027273463891421823,-0.2206743507687194,3747.736416845821,-4.015667288592641,351.89367942715734,371.111821562071,345.7705855929246,345.7705855929246,392.04396640950773,-0.07061584226378614,-0.13643954100461517
filament_diameter,filament_diameter,raw_outcome,filament_diameter_um,Filament diameter,µm,source_training_mean_with_global_fallback,Source training mean with global fallback,publication_grouped,4,286,54,0.0,1.0,338.1937078868213,316.12726593886464,424.2580820646394,0.10237106785990631,-0.057847558429058976,-0.3210762193817281,3742.8475231264238,-4.008749296082438,356.10396957306534,374.92982983746674,349.9426295768532,349.9426295768532,395.31596310739127,-0.08856112404778416,-0.173052204712605
filament_diameter,filament_diameter,raw_outcome,filament_diameter_um,Filament diameter,µm,source_training_mean_with_global_fallback,Source training mean with global fallback,publication_grouped,5,286,54,0.0,1.0,343.26002200595315,329.53499999999997,428.92418859870656,0.04931709750828075,-0.08124451191375726,-0.3808938995883993,3748.118707172955,-4.016088227004624,359.6324524855859,378.2240368719594,353.3320855358921,353.3320855358921,398.9241522920347,-0.10852317848800785,-0.21360551210905054
filament_diameter,filament_diameter,raw_outcome,filament_diameter_um,Filament diameter,µm,source_training_mean_with_global_fallback,Source training mean with global fallback,random_rowwise,1,286,54,0.9475524475524476,0.05244755244755245,130.69845879170137,56.71381746031733,227.04723089373795,14.946531854964158,0.697033047492506,0.8363741399359248,15.067795752105406,0.9606176565464121,168.16862965217763,181.7758175153152,80.14567666202483,80.14567666202483,190.46044682840923,0.7473183440357276,0.8686489096403132
filament_diameter,filament_diameter,raw_outcome,filament_diameter_um,Filament diameter,µm,source_training_mean_with_global_fallback,Source training mean with global fallback,random_rowwise,2,286,54,0.9615384615384616,0.038461538461538464,124.82351149738582,53.77923076923081,219.9623969084333,5.305712249412756,0.7156457482316474,0.8467163978882998,23.27422766843431,0.9620192906861583,161.64189136973982,176.75931072402707,72.6350757715212,72.6350757715212,171.68463346973365,0.794682027050387,0.8932960394061196
filament_diameter,filament_diameter,raw_outcome,filament_diameter_um,Filament diameter,µm,source_training_mean_with_global_fallback,Source training mean with global fallback,random_rowwise,3,286,54,0.9475524475524476,0.05244755244755245,123.58950371810188,53.304999999999836,226.15690535792064,8.85016476684268,0.6994044514155542,0.8386777670621455,41.07022919322477,0.9339703647535926,157.1394240486484,173.12738728040665,74.35099662183761,74.35099662183761,180.2719999176009,0.7736290621013079,0.8819208494169423
filament_diameter,filament_diameter,raw_outcome,filament_diameter_um,Filament diameter,µm,source_training_mean_with_global_fallback,Source training mean with global fallback,random_rowwise,4,286,54,0.9545454545454546,0.045454545454545456,123.92777045097267,52.70374999999998,222.51239737089455,3.671404409474335,0.7090145557447489,0.8432393125917998,33.772231936726385,0.9501317601882986,161.19370022252284,176.37592548782774,84.28783371665904,84.28783371665907,195.85717534897992,0.7327959168506668,0.856372910452482
filament_diameter,filament_diameter,raw_outcome,filament_diameter_um,Filament diameter,µm,source_training_mean_with_global_fallback,Source training mean with global fallback,random_rowwise,5,286,54,0.9755244755244755,0.024475524475524476,121.13770249617319,54.94332142857132,216.36599591375636,3.104804574357458,0.7248681581709745,0.8534949347120636,45.71731112932127,0.9349285532227638,151.35153399426352,164.68505271083328,58.10515969329258,58.10515969329257,156.2182559667698,0.8300083119017144,0.9114065954471683
filament_diameter,filament_to_nozzle_ratio,filament_to_nozzle_ratio,filament_to_nozzle_ratio,Filament-to-nozzle ratio,dimensionless,global_training_mean,Global training mean,leave_one_publication_out,1,286,54,0.0,0.0,0.7692280236902227,0.7111169408327619,1.0906461535525047,0.008662002187197527,-0.053045688280462855,-0.7002550203005674,35.23280329543789,-18.99846161289183,0.7883968329544613,0.820776019968389,0.723186456672662,0.723186456672662,1.1224051728224225,-0.03291597622842901,-0.7141788125529441
filament_diameter,filament_to_nozzle_ratio,filament_to_nozzle_ratio,filament_to_nozzle_ratio,Filament-to-nozzle ratio,dimensionless,global_training_mean,Global training mean,publication_grouped,1,286,54,0.0,0.0,0.787952135616938,0.7390317073170731,1.1043831518660594,0.0002466747159758528,-0.07973956422800454,-0.3771340540199986,8.789695865601448,-4.011959853661374,0.814065420710467,0.8453711548300507,0.7511027738235792,0.751102773823579,1.1361342285212803,-0.058339398681502175,-0.26132777426807735
filament_diameter,filament_to_nozzle_ratio,filament_to_nozzle_ratio,filament_to_nozzle_ratio,Filament-to-nozzle ratio,dimensionless,global_training_mean,Global training mean,publication_grouped,2,286,54,0.0,0.0,0.7765260140316592,0.7206296236952466,1.095906615891947,0.0004602005833959112,-0.06322839765722521,-0.33494981183808814,8.757534542840284,-3.9931355389594767,0.7938982040672969,0.8251164423373382,0.7284355163425689,0.7284355163425688,1.1217156752433866,-0.03164731793853193,-0.13860016343218348
filament_diameter,filament_to_nozzle_ratio,filament_to_nozzle_ratio,filament_to_nozzle_ratio,Filament-to-nozzle ratio,dimensionless,global_training_mean,Global training mean,publication_grouped,3,286,54,0.0,0.0,0.784815525553643,0.7650313200248172,1.1012320678856937,0.00044468209454842585,-0.07358681523650756,-0.36158798736598774,8.76590134675177,-3.9979410191317766,0.7946409021327637,0.8266518445685306,0.7287030890397922,0.7287030890397921,1.117476786965604,-0.023864998209798927,-0.07942389032962113
filament_diameter,filament_to_nozzle_ratio,filament_to_nozzle_ratio,filament_to_nozzle_ratio,Filament-to-nozzle ratio,dimensionless,global_training_mean,Global training mean,publication_grouped,4,286,54,0.0,0.0,0.7584498868493669,0.6442265666839633,1.0868011285660781,0.00048368862051044334,-0.04563384401279125,-0.28404638458885734,8.735098888687507,-3.9802911527998526,0.7828662335932388,0.8151245903668451,0.7153841677700037,0.7153841677700037,1.1218499465865515,-0.03189431272463272,-0.194464660691589
filament_diameter,filament_to_nozzle_ratio,filament_to_nozzle_ratio,filament_to_nozzle_ratio,Filament-to-nozzle ratio,dimensionless,global_training_mean,Global training mean,publication_grouped,5,286,54,0.0,0.0,0.7514386287484909,0.6383033302062364,1.0864663694380186,0.0003795135901997041,-0.04498978585844626,-0.2825826667809278,8.75909559085098,-3.994209268274512,0.7762784518894769,0.8102742344005073,0.7058186208195096,0.7058186208195096,1.126026611895233,-0.03959213374282178,-0.2511471199337746
filament_diameter,filament_to_nozzle_ratio,filament_to_nozzle_ratio,filament_to_nozzle_ratio,Filament-to-nozzle ratio,dimensionless,global_training_mean,Global training mean,random_rowwise,1,286,54,0.9475524475524476,0.0,0.7476457433337643,0.6988656570408336,1.0673843508648904,-8.096828389337252e-05,-0.008605036784931963,-0.12388984944133109,8.788397085972605,-4.011968813592376,0.778262328630975,0.8120602866011112,0.7142671016026578,0.7142671016026578,1.1101889277829533,-0.010553845402875073,-0.26463869101374604
filament_diameter,filament_to_nozzle_ratio,filament_to_nozzle_ratio,filament_to_nozzle_ratio,Filament-to-nozzle ratio,dimensionless,global_training_mean,Global training mean,random_rowwise,2,286,54,0.9615384615384616,0.0,0.744928245775653,0.7036666666666667,1.0640400128847514,4.692406545401852e-05,-0.002294598018852456,-0.06396254810332219,8.786376894723196,-4.010524185160876,0.7763546815155015,0.8093238555598157,0.7103812570222808,0.7103812570222808,1.1055389066918324,-0.002106174010542361,-0.021918283905223074
filament_diameter,filament_to_nozzle_ratio,filament_to_nozzle_ratio,filament_to_nozzle_ratio,Filament-to-nozzle ratio,dimensionless,global_training_mean,Global training mean,random_rowwise,3,286,54,0.9475524475524476,0.0,0.749056407789847,0.6858865719702573,1.0683923078316144,-0.00018308847328154553,-0.010510836672479762,-0.13658799817467762,8.757003352949292,-3.994297619865612,0.7774275893812268,0.8114772911201008,0.7097888979231838,0.7097888979231838,1.107059552567105,-0.004864822524812462,-0.08314594656209254
filament_diameter,filament_to_nozzle_ratio,filament_to_nozzle_ratio,filament_to_nozzle_ratio,Filament-to-nozzle ratio,dimensionless,global_training_mean,Global training mean,random_rowwise,4,286,54,0.9545454545454546,0.0,0.7475259358134841,0.68122496725719,1.0705744757392424,0.00011495652229757366,-0.014642944776539268,-0.16158898767108304,8.78738124715285,-4.010941316120673,0.7802331700335086,0.8145215055284126,0.7152877573182159,0.7152877573182159,1.114644171646984,-0.018680926499426764,-0.31695394762633006
filament_diameter,filament_to_nozzle_ratio,filament_to_nozzle_ratio,filament_to_nozzle_ratio,Filament-to-nozzle ratio,dimensionless,global_training_mean,Global training mean,random_rowwise,5,286,54,0.9755244755244755,0.0,0.7490022523745272,0.6886145238095238,1.067529410146959,-4.5918525450631604e-05,-0.008879197567080332,-0.125914812635221,8.795263914540064,-4.01580468847549,0.7804331921124463,0.8137153104254375,0.7148661758747046,0.7148661758747046,1.109787244676354,-0.00982271043399785,-0.21859004294664547
filament_diameter,filament_to_nozzle_ratio,filament_to_nozzle_ratio,filament_to_nozzle_ratio,Filament-to-nozzle ratio,dimensionless,global_training_median,Global training median,leave_one_publication_out,1,286,54,0.0,0.0,0.7428144605615141,0.5986470588235295,1.1075443136345628,-0.22936249672866893,-0.08592965577995249,-0.5107988282146962,22.6975335228558,-13.74111157080104,0.7546113787103309,0.7891792281345048,0.7039632390972224,0.7039632390972224,1.1500058183817583,-0.08434067978977566,-0.4566273264126086
filament_diameter,filament_to_nozzle_ratio,filament_to_nozzle_ratio,filament_to_nozzle_ratio,Filament-to-nozzle ratio,dimensionless,global_training_median,Global training median,publication_grouped,1,286,54,0.0,0.0,0.7563258070868424,0.6069594472633923,1.1188941506447723,-0.2344970943284252,-0.10830036698611689,-0.32402471189996696,7.77819834880201,-3.9660660697077406,0.7721797313936193,0.8071767236271058,0.725296493543572,0.725296493543572,1.1574884328513844,-0.09849730298954684,-0.16849915964192455
filament_diameter,filament_to_nozzle_ratio,filament_to_nozzle_ratio,filament_to_nozzle_ratio,Filament-to-nozzle ratio,dimensionless,global_training_median,Global training median,publication_grouped,2,286,54,0.0,0.0,0.7388395954673233,0.5969077595406398,1.1063528692681517,-0.22278922576878718,-0.08359452780955157,-0.27668114515935915,8.349674223786723,-4.309060741054764,0.7529259706719453,0.7873531966778939,0.7017252850439039,0.7017252850439039,1.1426205370584614,-0.07045823357393588,-0.050520365151325804
filament_diameter,filament_to_nozzle_ratio,filament_to_nozzle_ratio,filament_to_nozzle_ratio,Filament-to-nozzle ratio,dimensionless,global_training_median,Global training median,publication_grouped,3,286,54,0.0,0.0,0.7566928414009163,0.6062852404643451,1.123906169859908,-0.24058231295523258,-0.11825173545086032,-0.35070697910318394,7.9819604519170495,-4.116695170776067,0.7628163618750234,0.7970804827439368,0.7134585287021559,0.7134585287021559,1.1525219796043362,-0.0890908483699746,-0.07890223091090746
filament_diameter,filament_to_nozzle_ratio,filament_to_nozzle_ratio,filament_to_nozzle_ratio,Filament-to-nozzle ratio,dimensionless,global_training_median,Global training median,publication_grouped,4,286,54,0.0,0.0,0.7327650524117592,0.5416289213047691,1.0990615422610324,-0.2336057215747715,-0.06935891213688161,-0.15648486078279272,5.933255577217089,-2.749914978002532,0.7415319864308763,0.7748551336014761,0.6889728695772654,0.6889728695772654,1.1435556400069997,-0.07221104339106588,-0.04909429531419629
filament_diameter,filament_to_nozzle_ratio,filament_to_nozzle_ratio,filament_to_nozzle_ratio,Filament-to-nozzle ratio,dimensionless,global_training_median,Global training median,publication_grouped,5,286,54,0.0,0.0,0.7401046297733409,0.5931473309598905,1.0968947450032716,-0.23603241621340437,-0.06514659134032597,-0.08303493406993916,3.6147611365834935,-1.226488745500272,0.74658504054941,0.779856905173579,0.6933223653642236,0.6933223653642235,1.1359705961804256,-0.05803456483738234,0.08949947962914595
filament_diameter,filament_to_nozzle_ratio,filament_to_nozzle_ratio,filament_to_nozzle_ratio,Filament-to-nozzle ratio,dimensionless,global_training_median,Global training median,random_rowwise,1,286,54,0.9475524475524476,0.0,0.7181514016319568,0.5311190476190476,1.0894162808799732,-0.2355447435833207,-0.05067208270572898,-0.02868910443042001,3.921993145686752,-1.4284870765707127,0.7436179511023795,0.7782067453660458,0.6918729577040552,0.6918729577040552,1.1397054638510469,-0.06500325788541383,-0.0322628620230122
filament_diameter,filament_to_nozzle_ratio,filament_to_nozzle_ratio,filament_to_nozzle_ratio,Filament-to-nozzle ratio,dimensionless,global_training_median,Global training median,random_rowwise,2,286,54,0.9615384615384616,0.0,0.7185514233953734,0.5378190476190478,1.0895162015162223,-0.23900141563519867,-0.050864825625701604,0.00366945038459768,1.4922508561888652,0.17252434646693837,0.742821266044976,0.7771833308247906,0.6896432120906897,0.6896432120906897,1.138995419104612,-0.06367666178993026,0.13242138664952063
filament_diameter,filament_to_nozzle_ratio,filament_to_nozzle_ratio,filament_to_nozzle_ratio,Filament-to-nozzle ratio,dimensionless,global_training_median,Global training median,random_rowwise,3,286,54,0.9475524475524476,0.0,0.7193840539278905,0.5419757418397628,1.0925988144524743,-0.23722973500672057,-0.05681974800022194,-0.12983092852978415,9.750604120856199,-5.27400069457807,0.7427845589555688,0.7783352953618453,0.6900871058565572,0.6900871058565573,1.1412536501978878,-0.06789864348109709,-0.08926915521322629
filament_diameter,filament_to_nozzle_ratio,filament_to_nozzle_ratio,filament_to_nozzle_ratio,Filament-to-nozzle ratio,dimensionless,global_training_median,Global training median,random_rowwise,4,286,54,0.9545454545454546,0.0,0.7181799493397188,0.5378190476190478,1.091075167171313,-0.23688292153934495,-0.05387429762131135,-0.10147002191880532,9.886392988907508,-5.3623259817721465,0.7436652290049367,0.7784756329413407,0.6915998012371438,0.6915998012371438,1.1424303112779475,-0.07010183913479895,-0.21416787355711725
filament_diameter,filament_to_nozzle_ratio,filament_to_nozzle_ratio,filament_to_nozzle_ratio,Filament-to-nozzle ratio,dimensionless,global_training_median,Global training median,random_rowwise,5,286,54,0.9755244755244755,0.0,0.7233669164588982,0.5311190476190476,1.0946491268744427,-0.23620915879138724,-0.06078981219732049,-0.1246135944959453,6.543644854191787,-3.156909760746132,0.7488391234976173,0.7830923524891047,0.6926110775814948,0.6926110775814948,1.1453509603380634,-0.07558031246934283,-0.21565498864173852
filament_diameter,filament_to_nozzle_ratio,filament_to_nozzle_ratio,filament_to_nozzle_ratio,Filament-to-nozzle ratio,dimensionless,source_training_mean_with_global_fallback,Source training mean with global fallback,leave_one_publication_out,1,286,54,0.0,1.0,0.7692280236902227,0.7111169408327619,1.0906461535525047,0.008662002187197527,-0.053045688280462855,-0.7002550203005674,35.23280329543789,-18.99846161289183,0.7883968329544613,0.820776019968389,0.723186456672662,0.723186456672662,1.1224051728224225,-0.03291597622842901,-0.7141788125529441
filament_diameter,filament_to_nozzle_ratio,filament_to_nozzle_ratio,filament_to_nozzle_ratio,Filament-to-nozzle ratio,dimensionless,source_training_mean_with_global_fallback,Source training mean with global fallback,publication_grouped,1,286,54,0.0,1.0,0.787952135616938,0.7390317073170731,1.1043831518660594,0.0002466747159758528,-0.07973956422800454,-0.3771340540199986,8.789695865601448,-4.011959853661374,0.814065420710467,0.8453711548300507,0.7511027738235792,0.751102773823579,1.1361342285212803,-0.058339398681502175,-0.26132777426807735
filament_diameter,filament_to_nozzle_ratio,filament_to_nozzle_ratio,filament_to_nozzle_ratio,Filament-to-nozzle ratio,dimensionless,source_training_mean_with_global_fallback,Source training mean with global fallback,publication_grouped,2,286,54,0.0,1.0,0.7765260140316592,0.7206296236952466,1.095906615891947,0.0004602005833959112,-0.06322839765722521,-0.33494981183808814,8.757534542840284,-3.9931355389594767,0.7938982040672969,0.8251164423373382,0.7284355163425689,0.7284355163425688,1.1217156752433866,-0.03164731793853193,-0.13860016343218348
filament_diameter,filament_to_nozzle_ratio,filament_to_nozzle_ratio,filament_to_nozzle_ratio,Filament-to-nozzle ratio,dimensionless,source_training_mean_with_global_fallback,Source training mean with global fallback,publication_grouped,3,286,54,0.0,1.0,0.784815525553643,0.7650313200248172,1.1012320678856937,0.00044468209454842585,-0.07358681523650756,-0.36158798736598774,8.76590134675177,-3.9979410191317766,0.7946409021327637,0.8266518445685306,0.7287030890397922,0.7287030890397921,1.117476786965604,-0.023864998209798927,-0.07942389032962113
filament_diameter,filament_to_nozzle_ratio,filament_to_nozzle_ratio,filament_to_nozzle_ratio,Filament-to-nozzle ratio,dimensionless,source_training_mean_with_global_fallback,Source training mean with global fallback,publication_grouped,4,286,54,0.0,1.0,0.7584498868493669,0.6442265666839633,1.0868011285660781,0.00048368862051044334,-0.04563384401279125,-0.28404638458885734,8.735098888687507,-3.9802911527998526,0.7828662335932388,0.8151245903668451,0.7153841677700037,0.7153841677700037,1.1218499465865515,-0.03189431272463272,-0.194464660691589
filament_diameter,filament_to_nozzle_ratio,filament_to_nozzle_ratio,filament_to_nozzle_ratio,Filament-to-nozzle ratio,dimensionless,source_training_mean_with_global_fallback,Source training mean with global fallback,publication_grouped,5,286,54,0.0,1.0,0.7514386287484909,0.6383033302062364,1.0864663694380186,0.0003795135901997041,-0.04498978585844626,-0.2825826667809278,8.75909559085098,-3.994209268274512,0.7762784518894769,0.8102742344005073,0.7058186208195096,0.7058186208195096,1.126026611895233,-0.03959213374282178,-0.2511471199337746
filament_diameter,filament_to_nozzle_ratio,filament_to_nozzle_ratio,filament_to_nozzle_ratio,Filament-to-nozzle ratio,dimensionless,source_training_mean_with_global_fallback,Source training mean with global fallback,random_rowwise,1,286,54,0.9475524475524476,0.05244755244755245,0.30436593442977794,0.1474396117216119,0.5127324875771069,0.029112498741197774,0.7672652989477662,0.8774323570449493,0.05465905370077336,0.9530075365493651,0.3846755880493813,0.4145746505570158,0.13855789016028344,0.13855789016028341,0.3380617165038054,0.9062961014313137,0.9544768473595552
filament_diameter,filament_to_nozzle_ratio,filament_to_nozzle_ratio,filament_to_nozzle_ratio,Filament-to-nozzle ratio,dimensionless,source_training_mean_with_global_fallback,Source training mean with global fallback,random_rowwise,2,286,54,0.9615384615384616,0.038461538461538464,0.2853764490845781,0.13440064102564098,0.49502538024845133,0.005510146082480179,0.7830626142831381,0.8859988630528609,0.07706608087006564,0.9530565359830852,0.3559011415945416,0.3930962228415084,0.10827870514533042,0.10827870514533042,0.2797014796227932,0.9358561234246949,0.9683373210187062
filament_diameter,filament_to_nozzle_ratio,filament_to_nozzle_ratio,filament_to_nozzle_ratio,Filament-to-nozzle ratio,dimensionless,source_training_mean_with_global_fallback,Source training mean with global fallback,random_rowwise,3,286,54,0.9475524475524476,0.05244755244755245,0.29147250795048485,0.1331199999999999,0.49667122380581497,0.021536804298662025,0.7816176841505,0.8857217818257168,0.07285989629344858,0.9468212653214619,0.3618379940972406,0.40052774611976116,0.13769417191967084,0.1376941719196709,0.31911119598662063,0.9165070590408085,0.9588262494307895
filament_diameter,filament_to_nozzle_ratio,filament_to_nozzle_ratio,filament_to_nozzle_ratio,Filament-to-nozzle ratio,dimensionless,source_training_mean_with_global_fallback,Source training mean with global fallback,random_rowwise,4,286,54,0.9545454545454546,0.045454545454545456,0.30558132013832856,0.14469783973875922,0.6415126828460783,-0.024990922025907487,0.6356741692022222,0.7989558824232225,0.11883013516527943,0.9457123638544761,0.4136520716809581,0.45292666045613594,0.22473284405075467,0.22473284405075467,0.7890577409627372,0.48951469457432195,0.702093281234609
filament_diameter,filament_to_nozzle_ratio,filament_to_nozzle_ratio,filament_to_nozzle_ratio,Filament-to-nozzle ratio,dimensionless,source_training_mean_with_global_fallback,Source training mean with global fallback,random_rowwise,5,286,54,0.9755244755244755,0.024475524475524476,0.2902559214435596,0.1392433333333334,0.49933468648895,0.006507386386064462,0.779269198007124,0.8844902653370535,0.09639147207605443,0.9415365398208677,0.3620041883770718,0.39363947989057935,0.09944559814576968,0.09944559814576971,0.27295056121513916,0.93891512931231,0.9694529865249248
