dataset,target_key,target_column,target_label,unit,analysis_role,meta_primary_source_id,source_rows,source_observed_mean,source_observed_sd,source_minimum,source_maximum,lmm_fixed_intercept,lmm_random_intercept,lmm_conditional_source_mean,shrinkage_difference,absolute_random_intercept,random_intercept_rank
cell_viability,cell_viability,cell_viability_percent,Cell viability,%,primary_outcome,doi:10.1002/adfm.201700798,4,87.5,4.999999999999999,80.0,90.0,81.76930058019815,4.189061307818332,85.95836188801648,-1.5416381119835165,4.189061307818332,53
cell_viability,cell_viability,cell_viability_percent,Cell viability,%,primary_outcome,doi:10.1002/adhm.201500677,7,90.0,7.000000000000002,76.0,96.0,81.76930058019815,6.800576400195065,88.56987698039322,-1.430123019606782,6.800576400195065,33
cell_viability,cell_viability,cell_viability_percent,Cell viability,%,primary_outcome,doi:10.1002/adhm.201601451,9,83.11111111111111,8.265204843868732,69.0,91.0,81.76930058019815,1.1531918257852032,82.92249240598335,-0.1886187051277659,1.1531918257852032,65
cell_viability,cell_viability,cell_viability_percent,Cell viability,%,primary_outcome,doi:10.1002/adhm.201801631,3,77.80333333333334,4.583713923592234,74.26,82.98,81.76930058019815,-2.6604964881361184,79.10880409206203,1.3054707587286885,2.6604964881361184,57
cell_viability,cell_viability,cell_viability_percent,Cell viability,%,primary_outcome,doi:10.1002/adhm.201901544,4,80.975,4.2983523975278395,75.3,85.6,81.76930058019815,-0.5806226401943749,81.18867794000377,0.2136779400037767,0.5806226401943749,71
cell_viability,cell_viability,cell_viability_percent,Cell viability,%,primary_outcome,doi:10.1002/adhm.201901792,4,92.975,4.980210838910338,87.6,98.1,81.76930058019815,8.191209907874965,89.96051048807311,-3.0144895119268824,8.191209907874965,28
cell_viability,cell_viability,cell_viability_percent,Cell viability,%,primary_outcome,doi:10.1002/adma.201305506,10,74.65,6.948421083638756,61.0,82.0,81.76930058019815,-6.205773118897071,75.56352746130108,0.9135274613010722,6.205773118897071,36
cell_viability,cell_viability,cell_viability_percent,Cell viability,%,primary_outcome,doi:10.1002/adma.201503310,9,61.388888888888886,21.296622058700088,28.0,83.4,81.76930058019815,-17.515531162632946,64.2537694175652,2.8648805286763093,17.515531162632946,6
cell_viability,cell_viability,cell_viability_percent,Cell viability,%,primary_outcome,doi:10.1002/adma.201604983,15,92.08,4.1111694547554585,86.3,96.9,81.76930058019815,9.38926187062237,91.15856245082051,-0.9214375491794868,9.38926187062237,22
cell_viability,cell_viability,cell_viability_percent,Cell viability,%,primary_outcome,doi:10.1002/adma.201703443,13,96.76923076923077,0.9927945535915372,95.4,98.1,81.76930058019815,13.47417598192215,95.24347656212029,-1.5257542071104808,13.47417598192215,9
cell_viability,cell_viability,cell_viability_percent,Cell viability,%,primary_outcome,doi:10.1002/biot.200900004,12,67.91666666666667,14.51305577329557,47.0,84.0,81.76930058019815,-12.338988880741761,69.43031169945638,1.5136450327897109,12.338988880741761,12
cell_viability,cell_viability,cell_viability_percent,Cell viability,%,primary_outcome,doi:10.1002/jbm.a.34420,2,83.0,2.262741699796944,81.4,84.6,81.76930058019815,0.7089158470042473,82.4782164272024,-0.5217835727976023,0.7089158470042473,69
cell_viability,cell_viability,cell_viability_percent,Cell viability,%,primary_outcome,doi:10.1002/jbm.a.36036,4,63.925,31.188926988062068,22.5,95.6,81.76930058019815,-13.04393471890957,68.72536586128858,4.800365861288583,13.04393471890957,10
cell_viability,cell_viability,cell_viability_percent,Cell viability,%,primary_outcome,doi:10.1002/mabi.201600472,42,92.12452380952381,10.55083101625487,43.16,99.8,81.76930058019815,10.004572334581884,91.77387291478003,-0.3506508947437794,10.004572334581884,19
cell_viability,cell_viability,cell_viability_percent,Cell viability,%,primary_outcome,doi:10.1002/smll.201905505,18,86.60555555555555,15.12452127476601,34.6,95.9,81.76930058019815,4.470640831278282,86.23994141147644,-0.3656141440791174,4.470640831278282,50
cell_viability,cell_viability,cell_viability_percent,Cell viability,%,primary_outcome,doi:10.1002/term.1682,4,90.5,6.350852961085882,85.0,96.0,81.76930058019815,6.382019444835667,88.15132002503381,-2.3486799749661884,6.382019444835667,34
cell_viability,cell_viability,cell_viability_percent,Cell viability,%,primary_outcome,doi:10.1007/s00289-020-03421-y,1,95.25,,95.25,95.25,81.76930058019815,5.453223505024198,87.22252408522235,-8.027475914777654,5.453223505024198,41
cell_viability,cell_viability,cell_viability_percent,Cell viability,%,primary_outcome,doi:10.1007/s10439-016-1704-5,30,69.51666666666667,14.092969226149446,49.0,94.0,81.76930058019815,-11.679534464358156,70.08976611583999,0.573099449173327,11.679534464358156,13
cell_viability,cell_viability,cell_viability_percent,Cell viability,%,primary_outcome,doi:10.1007/s10856-019-6258-2,3,88.46666666666665,4.168133075290827,84.8,93.0,81.76930058019815,4.492805372232264,86.26210595243042,-2.204560714236237,4.492805372232264,49
cell_viability,cell_viability,cell_viability_percent,Cell viability,%,primary_outcome,doi:10.1007/s13205-018-1341-9,3,88.85666666666667,3.495058416297695,85.35,92.34,81.76930058019815,4.754429729113507,86.52373030931166,-2.3329363573550097,4.754429729113507,47
cell_viability,cell_viability,cell_viability_percent,Cell viability,%,primary_outcome,doi:10.1016/j.actbio.2014.06.034,9,74.44444444444444,31.863423823841934,20.0,95.0,81.76930058019815,-6.295198931742243,75.4741016484559,1.0296572040114569,6.295198931742243,35
cell_viability,cell_viability,cell_viability_percent,Cell viability,%,primary_outcome,doi:10.1016/j.actbio.2014.09.023,4,92.05,4.456081986079997,86.7,96.2,81.76930058019815,7.515047815627959,89.2843483958261,-2.7656516041738968,7.515047815627959,30
cell_viability,cell_viability,cell_viability_percent,Cell viability,%,primary_outcome,doi:10.1016/j.actbio.2014.09.033,4,93.0,8.679477710861024,80.0,98.0,81.76930058019815,8.209484559016781,89.97878513921493,-3.021214860785065,8.209484559016781,27
cell_viability,cell_viability,cell_viability_percent,Cell viability,%,primary_outcome,doi:10.1016/j.actbio.2018.10.028,8,83.0625,8.716476598128072,71.6,95.9,81.76930058019815,1.0922222423573886,82.86152282255554,-0.2009771774444573,1.0922222423573886,66
cell_viability,cell_viability,cell_viability_percent,Cell viability,%,primary_outcome,doi:10.1016/j.actbio.2020.07.016,6,88.61666666666667,3.080530257385355,85.0,92.8,81.76930058019815,5.498375650894372,87.26767623109252,-1.3489904355741515,5.498375650894372,40
cell_viability,cell_viability,cell_viability_percent,Cell viability,%,primary_outcome,doi:10.1016/j.addma.2020.101640,4,96.2,1.2400806425390258,95.15,97.98,81.76930058019815,10.548639905168608,92.31794048536676,-3.882059514633241,10.548639905168608,17
cell_viability,cell_viability,cell_viability_percent,Cell viability,%,primary_outcome,doi:10.1016/j.biomaterials.2015.05.031,6,75.05,15.368376622141978,50.2,92.9,81.76930058019815,-5.395540158749736,76.37376042144841,1.3237604214484122,5.395540158749736,42
cell_viability,cell_viability,cell_viability_percent,Cell viability,%,primary_outcome,doi:10.1016/j.biomaterials.2016.07.038,9,80.98888888888888,8.095900883231655,70.1,90.4,81.76930058019815,-0.6707089879170295,81.09859159228112,0.10970270339224442,0.6707089879170295,70
cell_viability,cell_viability,cell_viability_percent,Cell viability,%,primary_outcome,doi:10.1016/j.jmbbm.2017.12.018,3,92.33333333333333,3.350124375800594,89.0,95.7,81.76930058019815,7.086687884901016,88.85598846509916,-3.4773448682341694,7.086687884901016,32
cell_viability,cell_viability,cell_viability_percent,Cell viability,%,primary_outcome,doi:10.1016/j.mtbio.2020.100078,5,94.24,1.884940317357557,91.6,96.3,81.76930058019815,9.63425717984221,91.40355776004036,-2.836442239959638,9.63425717984221,21
cell_viability,cell_viability,cell_viability_percent,Cell viability,%,primary_outcome,doi:10.1021/acs.biomac.5b00188,2,78.65,8.414570696119904,72.7,84.6,81.76930058019815,-1.7968007275310534,79.9724998526671,1.322499852667093,1.7968007275310534,60
cell_viability,cell_viability,cell_viability_percent,Cell viability,%,primary_outcome,doi:10.1021/acs.biomac.9b01204,12,76.18333333333334,5.968376257535641,70.3,87.0,81.76930058019815,-4.975601620420024,76.79369895977813,0.6103656264447892,4.975601620420024,45
cell_viability,cell_viability,cell_viability_percent,Cell viability,%,primary_outcome,doi:10.1021/acsami.7b04216,3,95.33333333333333,1.5275252316519463,94.0,97.0,81.76930058019815,9.099182937833662,90.86848351803181,-4.46484981530152,9.099182937833662,24
cell_viability,cell_viability,cell_viability_percent,Cell viability,%,primary_outcome,doi:10.1021/acsami.7b16059,12,83.68333333333334,12.449011157030858,62.7,94.7,81.76930058019815,1.7048908536621998,83.47419143386036,-0.20914189947298212,1.7048908536621998,61
cell_viability,cell_viability,cell_viability_percent,Cell viability,%,primary_outcome,doi:10.1021/acsami.9b09782,6,80.48333333333333,7.449407135246855,69.1,89.5,81.76930058019815,-1.032620559309961,80.73668002088819,0.2533466875548527,1.032620559309961,68
cell_viability,cell_viability,cell_viability_percent,Cell viability,%,primary_outcome,doi:10.1021/acsbiomaterials.9b00167,12,90.45833333333333,9.978290829535275,73.0,99.5,81.76930058019815,7.739602388583128,89.50890296878127,-0.9494303645520574,7.739602388583128,29
cell_viability,cell_viability,cell_viability_percent,Cell viability,%,primary_outcome,doi:10.1038/s41598-017-17286-1,2,86.02250000000001,1.4177490962790296,85.02,87.025,81.76930058019815,2.449956846207224,84.21925742640538,-1.8032425735946305,2.449956846207224,58
cell_viability,cell_viability,cell_viability_percent,Cell viability,%,primary_outcome,doi:10.1038/s41598-018-26407-3,20,88.425,2.63276420676465,83.9,92.3,81.76930058019815,6.199404443019277,87.96870502321742,-0.4562949767825728,6.199404443019277,37
cell_viability,cell_viability,cell_viability_percent,Cell viability,%,primary_outcome,doi:10.1038/s41598-019-55034-9,15,80.19066666666666,18.382200811292073,45.65,98.23,81.76930058019815,-1.4375559415034502,80.3317446386947,0.14107797202804306,1.4375559415034502,62
cell_viability,cell_viability,cell_viability_percent,Cell viability,%,primary_outcome,doi:10.1038/s41598-020-65050-9,18,56.422222222222224,11.969842278952832,41.2,76.7,81.76930058019815,-23.430874517198728,58.33842606299942,1.916203840777193,23.430874517198728,2
cell_viability,cell_viability,cell_viability_percent,Cell viability,%,primary_outcome,doi:10.1038/srep29977,3,77.76666666666667,16.095444490082695,60.3,92.0,81.76930058019815,-2.685093649894187,79.08420693030396,1.317540263637298,2.685093649894187,56
cell_viability,cell_viability,cell_viability_percent,Cell viability,%,primary_outcome,doi:10.1039/c3bm00012e,6,95.5,2.073644135332772,92.0,98.0,81.76930058019815,11.025632689448447,92.79493326964659,-2.7050667303534084,11.025632689448447,16
cell_viability,cell_viability,cell_viability_percent,Cell viability,%,primary_outcome,doi:10.1039/c4bm00234b,3,61.666666666666664,26.083200212652844,33.0,84.0,81.76930058019815,-13.485483767299403,68.28381681289875,6.617150146232085,13.485483767299403,8
cell_viability,cell_viability,cell_viability_percent,Cell viability,%,primary_outcome,doi:10.1088/0960-1317/22/8/085014,4,93.05,2.4664414311581266,89.5,95.2,81.76930058019815,8.246033861300404,90.01533444149855,-3.0346655585014446,8.246033861300404,26
cell_viability,cell_viability,cell_viability_percent,Cell viability,%,primary_outcome,doi:10.1088/1758-5082/5/2/025004,3,96.16666666666667,1.2897028081435344,95.1,97.6,81.76930058019815,9.658209341426065,91.42750992162422,-4.73915674504245,9.658209341426065,20
cell_viability,cell_viability,cell_viability_percent,Cell viability,%,primary_outcome,doi:10.1088/1758-5082/6/2/024105,9,85.5,9.134960317374125,68.2,96.9,81.76930058019815,3.2062738935652058,84.97557447376336,-0.5244255262366408,3.2062738935652058,55
cell_viability,cell_viability,cell_viability_percent,Cell viability,%,primary_outcome,doi:10.1088/1758-5082/6/3/035001,4,73.5,20.074859899884732,47.0,95.0,81.76930058019815,-6.044743331595907,75.72455724860224,2.2245572486022382,6.044743331595907,38
cell_viability,cell_viability,cell_viability_percent,Cell viability,%,primary_outcome,doi:10.1088/1758-5090/7/4/044101,3,79.94333333333333,21.654399860844297,54.94,92.64,81.76930058019815,-1.2249166837108292,80.54438389648732,0.60105056315399,1.2249166837108292,64
cell_viability,cell_viability,cell_viability_percent,Cell viability,%,primary_outcome,doi:10.1088/1758-5090/7/4/044102,10,76.914,10.813853460569304,60.93,91.57,81.76930058019815,-4.232282860561627,77.53701771963652,0.6230177196365219,4.232282860561627,52
cell_viability,cell_viability,cell_viability_percent,Cell viability,%,primary_outcome,doi:10.1088/1758-5090/7/4/045012,11,88.35454545454546,9.897612200562683,61.0,96.0,81.76930058019815,5.807997207655034,87.57729778785318,-0.7772476666922756,5.807997207655034,39
cell_viability,cell_viability,cell_viability_percent,Cell viability,%,primary_outcome,doi:10.1088/1758-5090/8/3/035020,14,51.50714285714286,31.400084867247248,3.9,92.3,81.76930058019815,-27.38292053115054,54.38638004904761,2.8792371919047497,27.38292053115054,1
cell_viability,cell_viability,cell_viability_percent,Cell viability,%,primary_outcome,doi:10.1088/1758-5090/8/4/045001,4,75.7,9.540440241414439,66.2,84.5,81.76930058019815,-4.436574031116525,77.33272654908163,1.6327265490816245,4.436574031116525,51
cell_viability,cell_viability,cell_viability_percent,Cell viability,%,primary_outcome,doi:10.1088/1758-5090/8/4/045002,4,75.375,2.6209095113465186,72.4,78.0,81.76930058019815,-4.674144495960066,77.09515608423808,1.7201560842380843,4.674144495960066,48
cell_viability,cell_viability,cell_viability_percent,Cell viability,%,primary_outcome,doi:10.1088/1758-5090/8/4/045005,1,86.92,,86.92,86.92,81.76930058019815,2.0835651228985586,83.85286570309671,-3.0671342969032906,2.0835651228985586,59
cell_viability,cell_viability,cell_viability_percent,Cell viability,%,primary_outcome,doi:10.1088/1758-5090/aa7b1d,8,92.2125,2.0237429961054114,89.3,95.0,81.76930058019815,8.820213273393737,90.58951385359188,-1.6229861464081239,8.820213273393737,25
cell_viability,cell_viability,cell_viability_percent,Cell viability,%,primary_outcome,doi:10.1088/1758-5090/aacd30,6,94.76666666666667,4.014307744389645,89.1,98.0,81.76930058019815,10.436772375413637,92.20607295561179,-2.560593711054878,10.436772375413637,18
cell_viability,cell_viability,cell_viability_percent,Cell viability,%,primary_outcome,doi:10.1088/1758-5090/ab0692,4,86.405,13.947172951294949,71.85,100.0,81.76930058019815,3.3886315878070103,85.15793216800516,-1.2470678319948405,3.3886315878070103,54
cell_viability,cell_viability,cell_viability_percent,Cell viability,%,primary_outcome,doi:10.1088/1758-5090/ab15cb,6,81.38333333333334,2.44656221393748,79.0,85.0,81.76930058019815,-0.3099283557217762,81.45937222447637,0.07603889114302831,0.3099283557217762,73
cell_viability,cell_viability,cell_viability_percent,Cell viability,%,primary_outcome,doi:10.1088/1758-5090/ab19fd,8,81.4925,12.753777871673947,55.3,95.88,81.76930058019815,-0.23378277608273046,81.53551780411541,0.0430178041154079,0.23378277608273046,74
cell_viability,cell_viability,cell_viability_percent,Cell viability,%,primary_outcome,doi:10.1088/1758-5090/ab2622,9,87.54444444444444,2.815186988066296,84.2,91.9,81.76930058019815,4.9633301748280925,86.73263075502624,-0.8118136894182015,4.9633301748280925,46
cell_viability,cell_viability,cell_viability_percent,Cell viability,%,primary_outcome,doi:10.1088/1758-5090/ab38ef,1,95.0,,95.0,95.0,81.76930058019815,5.352093301479011,87.12139388167716,-7.8786061183228355,5.352093301479011,43
cell_viability,cell_viability,cell_viability_percent,Cell viability,%,primary_outcome,doi:10.1088/1758-5090/ab7553,4,53.775,7.846852872330415,44.91,60.38,81.76930058019815,-20.463443082484883,61.30585749771326,7.530857497713264,20.463443082484883,3
cell_viability,cell_viability,cell_viability_percent,Cell viability,%,primary_outcome,doi:10.1088/1758-5090/abc39b,14,73.65071428571427,6.402890530288424,62.05,86.3,81.76930058019815,-7.346158372500062,74.42314220769809,0.7724279219838195,7.346158372500062,31
cell_viability,cell_viability,cell_viability_percent,Cell viability,%,primary_outcome,doi:10.1089/biores.2013.0031,4,97.0,1.4142135623730951,96.0,99.0,81.76930058019815,11.133428741706561,92.90272932190472,-4.097270678095285,11.133428741706561,14
cell_viability,cell_viability,cell_viability_percent,Cell viability,%,primary_outcome,doi:10.1089/ten.a.2007.0004,21,60.94285714285714,11.877902652765403,42.8,85.0,81.76930058019815,-19.4621809883339,62.30711959186425,1.3642624490071071,19.4621809883339,4
cell_viability,cell_viability,cell_viability_percent,Cell viability,%,primary_outcome,doi:10.1089/ten.a.2007.0158,9,82.33333333333333,8.5,72.0,96.0,81.76930058019815,0.48474650139171344,82.25404708158986,-0.07928625174346848,0.48474650139171344,72
cell_viability,cell_viability,cell_viability_percent,Cell viability,%,primary_outcome,doi:10.1089/ten.tec.2007.0392,6,82.0,2.280350850198275,79.0,85.0,81.76930058019815,0.18524963562568372,81.95455021582383,-0.04544978417617074,0.18524963562568372,75
cell_viability,cell_viability,cell_viability_percent,Cell viability,%,primary_outcome,doi:10.1089/ten.tec.2015.0307,10,83.31,4.304844815889293,76.0,90.75,81.76930058019815,1.3430014558312886,83.11230203602943,-0.19769796397056894,1.3430014558312886,63
cell_viability,cell_viability,cell_viability_percent,Cell viability,%,primary_outcome,doi:10.1115/1.3128729,4,80.33500000000001,4.920789232091397,75.67,84.74,81.76930058019815,-1.0484537094247368,80.72084687077341,0.3858468707734062,1.0484537094247368,67
cell_viability,cell_viability,cell_viability_percent,Cell viability,%,primary_outcome,doi:10.1115/1.4024575,30,68.81833333333334,20.119310004507394,31.0,98.0,81.76930058019815,-12.345204253550929,69.42409632664722,0.6057629933138742,12.345204253550929,11
cell_viability,cell_viability,cell_viability_percent,Cell viability,%,primary_outcome,doi:10.1115/1.4043960,2,98.03,0.7495331880577419,97.5,98.56,81.76930058019815,9.366598632122765,91.13589921232091,-6.894100787679093,9.366598632122765,23
cell_viability,cell_viability,cell_viability_percent,Cell viability,%,primary_outcome,doi:10.18063/ijb.v5i2.2.204,19,62.04736842105264,9.893789770527363,43.5,81.0,81.76930058019815,-18.303810096830578,63.465490483367574,1.4181220623149358,18.303810096830578,5
cell_viability,cell_viability,cell_viability_percent,Cell viability,%,primary_outcome,doi:10.18063/ijb.v6i1.250,2,55.05,1.3435028842544419,54.1,56.0,81.76930058019815,-15.391033177883486,66.37826740231466,11.328267402314665,15.391033177883486,7
cell_viability,cell_viability,cell_viability_percent,Cell viability,%,primary_outcome,doi:10.3390/ma13194237,3,98.27,0.6221736092120939,97.62,98.86,81.76930058019815,11.069191984093298,92.83849256429144,-5.4315074357085535,11.069191984093298,15
cell_viability,cell_viability,cell_viability_percent,Cell viability,%,primary_outcome,doi:10.3390/polym12102346,2,91.0,1.1737972567696664,90.17,91.83,81.76930058019815,5.317130236954224,87.08643081715238,-3.913569182847624,5.317130236954224,44
filament_diameter,filament_diameter,filament_diameter_um,Filament diameter,µm,secondary_engineering_outcome,ref:akkineni gelinsky biofab 2016,2,482.21,178.65759933459307,355.88,608.54,663.5599908141538,-159.81976836997677,503.74022244417705,21.53022244417707,159.81976836997677,39
filament_diameter,filament_diameter,filament_diameter_um,Filament diameter,µm,secondary_engineering_outcome,ref:be22assoni khademhosseini biofab 2014,3,477.09999999999997,18.273204426153622,466.5,498.2,663.5599908141538,-171.093968461195,492.4660223529588,15.36602235295885,171.093968461195,38
filament_diameter,filament_diameter,filament_diameter_um,Filament diameter,µm,secondary_engineering_outcome,ref:bociaga rosinska mat 2020,3,1090.9,0.0,1090.9,1090.9,663.5599908141538,392.12325247148925,1055.6832432856431,-35.21675671435696,392.12325247148925,14
filament_diameter,filament_diameter,filament_diameter_um,Filament diameter,µm,secondary_engineering_outcome,ref:chen zhang appmatint 2019,3,152.96,0.0,152.96,152.96,663.5599908141538,-468.5218439794762,195.0381468346776,42.0781468346776,468.5218439794762,10
filament_diameter,filament_diameter,filament_diameter_um,Filament diameter,µm,secondary_engineering_outcome,ref:chung wallace biomatsci 2013,3,321.13,0.0,321.13,321.13,663.5599908141538,-314.21060246065895,349.3493883534949,28.219388353494878,314.21060246065895,20
filament_diameter,filament_diameter,filament_diameter_um,Filament diameter,µm,secondary_engineering_outcome,ref:cidonio oreffo biofab 2019,1,297.22,,297.22,297.22,663.5599908141538,-288.5859174547835,374.9740733593703,77.7540733593703,288.5859174547835,24
filament_diameter,filament_diameter,filament_diameter_um,Filament diameter,µm,secondary_engineering_outcome,ref:colosi khademhosseini advmat 2016,9,258.22266666666667,52.99435030265018,211.32,349.78,663.5599908141538,-393.5555274988089,270.00446331534494,11.781796648678267,393.5555274988089,13
filament_diameter,filament_diameter,filament_diameter_um,Filament diameter,µm,secondary_engineering_outcome,ref:dai 2016,1,277.74,,277.74,277.74,663.5599908141538,-303.931371986039,359.62861882811484,81.88861882811483,303.931371986039,21
filament_diameter,filament_diameter,filament_diameter_um,Filament diameter,µm,secondary_engineering_outcome,ref:daly kelly biofab 2016,4,477.82500000000005,156.23448114932887,265.1,641.42,663.5599908141538,-174.0138005261904,489.54619028796344,11.721190287963395,174.0138005261904,37
filament_diameter,filament_diameter,filament_diameter_um,Filament diameter,µm,secondary_engineering_outcome,ref:das ghosh actabiomat 2015,3,350.74333333333334,14.612755843212256,334.34,362.37,663.5599908141538,-287.03768082078756,376.52230999336626,25.778976660032924,287.03768082078756,25
filament_diameter,filament_diameter,filament_diameter_um,Filament diameter,µm,secondary_engineering_outcome,ref:duan butcher jbiomedmatres 2012,2,941.3,0.0,941.3,941.3,663.5599908141538,244.76617691503495,908.3261677291888,-32.97383227081116,244.76617691503495,29
filament_diameter,filament_diameter,filament_diameter_um,Filament diameter,µm,secondary_engineering_outcome,ref:duin 2019,2,842.7149999999999,112.380480733978,763.25,922.18,663.5599908141538,157.88537921540546,821.4453700295593,-21.269629970440633,157.88537921540546,42
filament_diameter,filament_diameter,filament_diameter_um,Filament diameter,µm,secondary_engineering_outcome,ref:fedorovich dhe22 tissueeng 2008,5,600.0,380.13155617496426,430.0,1280.0,663.5599908141538,-60.31010504473168,603.2498857694221,3.2498857694221215,60.31010504473168,51
filament_diameter,filament_diameter,filament_diameter_um,Filament diameter,µm,secondary_engineering_outcome,ref:fisch zenobi wong biofab 2021,4,1063.8049999999998,56.897869028637636,1014.53,1113.08,663.5599908141538,374.98672105224927,1038.546711866403,-25.258288133596807,374.98672105224927,15
filament_diameter,filament_diameter,filament_diameter_um,Filament diameter,µm,secondary_engineering_outcome,ref:gantumar sakai,2,1486.13,237.30503576620552,1318.33,1653.93,663.5599908141538,724.9129031988424,1388.4728940129962,-97.65710598700389,724.9129031988424,2
filament_diameter,filament_diameter,filament_diameter_um,Filament diameter,µm,secondary_engineering_outcome,ref:gao cho advfuncmat 2017,4,1222.4265,112.86714792917674,1059.551,1315.53,663.5599908141538,523.59808361335,1187.1580744275038,-35.2684255724962,523.59808361335,7
filament_diameter,filament_diameter,filament_diameter_um,Filament diameter,µm,secondary_engineering_outcome,ref:gao ma biomat 2015,1,930.16,,930.16,930.16,663.5599908141538,210.01531411672073,873.5753049308746,-56.58469506912536,210.01531411672073,34
filament_diameter,filament_diameter,filament_diameter_um,Filament diameter,µm,secondary_engineering_outcome,ref:giuseppe 2018,3,343.3333333333333,30.550504633038926,310.0,370.0,663.5599908141538,-293.83702850262387,369.72296231152995,26.38962897819664,293.83702850262387,22
filament_diameter,filament_diameter,filament_diameter_um,Filament diameter,µm,secondary_engineering_outcome,ref:idaszek swieszkowski biofab 2019,3,194.72166666666666,27.67364736230723,173.84,226.11,663.5599908141538,-430.2017236772321,233.3582671369217,38.63660047025505,430.2017236772321,12
filament_diameter,filament_diameter,filament_diameter_um,Filament diameter,µm,secondary_engineering_outcome,ref:jia khademhosseini biomat 2016,9,987.44,123.32976698672547,838.11,1160.49,663.5599908141538,314.46590350282,978.0258943169738,-9.414105683026264,314.46590350282,19
filament_diameter,filament_diameter,filament_diameter_um,Filament diameter,µm,secondary_engineering_outcome,ref:kang jin small 2020,12,1270.2731666666666,267.1465373919624,1000.0,1974.411,663.5599908141538,593.3900230262484,1256.9500138404023,-13.323152826264277,593.3900230262484,5
filament_diameter,filament_diameter,filament_diameter_um,Filament diameter,µm,secondary_engineering_outcome,ref:kilian ahlfeld akkineni bioprint 2020,12,576.9830833333334,249.3563089839183,333.28,910.8,663.5599908141538,-84.6757169092267,578.8842739049271,1.9011905715937019,84.6757169092267,48
filament_diameter,filament_diameter,filament_diameter_um,Filament diameter,µm,secondary_engineering_outcome,ref:kolan leu bioprintamer 2019,6,1256.2968333333333,202.9770457390851,1015.78,1561.572,663.5599908141538,567.2637430462216,1230.8237338603753,-25.473099472957983,567.2637430462216,6
filament_diameter,filament_diameter,filament_diameter_um,Filament diameter,µm,secondary_engineering_outcome,ref:kolesky lewis advmat 2014,4,366.9225,157.67978276135045,223.36,519.54,663.5599908141538,-277.9175691605343,385.6424216536195,18.719921653619508,277.9175691605343,26
filament_diameter,filament_diameter,filament_diameter_um,Filament diameter,µm,secondary_engineering_outcome,ref:kosik koziol swieszkowski biofab 2019,6,145.945,55.16094116310925,96.66,233.45,663.5599908141538,-495.37028253237156,168.18970828178226,22.244708281782266,495.37028253237156,9
filament_diameter,filament_diameter,filament_diameter_um,Filament diameter,µm,secondary_engineering_outcome,ref:li fu scirep 2018,8,622.420875,99.20480021715176,488.83,793.49,663.5599908141538,-39.798737704919226,623.7612531092346,1.3403781092346208,39.798737704919226,52
filament_diameter,filament_diameter,filament_diameter_um,Filament diameter,µm,secondary_engineering_outcome,ref:li li acsapplmatinterf 2017,2,353.56,23.532513677888282,336.92,370.2,663.5599908141538,-273.19619099063215,390.3637998235217,36.80379982352167,273.19619099063215,27
filament_diameter,filament_diameter,filament_diameter_um,Filament diameter,µm,secondary_engineering_outcome,ref:li xu 3biotech 2018,3,182.89666666666668,50.66042472515734,132.84,234.14,663.5599908141538,-441.0522346539815,222.50775616017233,39.61108949350566,441.0522346539815,11
filament_diameter,filament_diameter,filament_diameter_um,Filament diameter,µm,secondary_engineering_outcome,ref:li zhou addman 2021,4,513.2988250000001,150.2904695312464,307.47,667.041,663.5599908141538,-140.7786245348899,522.7813662792639,9.482541279263842,140.7786245348899,44
filament_diameter,filament_diameter,filament_diameter_um,Filament diameter,µm,secondary_engineering_outcome,ref:lim levato advhealthmat 2020,4,351.135,72.89485601421636,281.83,419.0,663.5599908141538,-292.7087663591062,370.8512244550476,19.71622445504761,292.7087663591062,23
filament_diameter,filament_diameter,filament_diameter_um,Filament diameter,µm,secondary_engineering_outcome,ref:liu zhang advhealthmat 2017,3,631.1333333333333,20.140641333714587,608.85,648.04,663.5599908141538,-29.754401939530386,633.8055888746235,2.6722555412901556,29.754401939530386,54
filament_diameter,filament_diameter,filament_diameter_um,Filament diameter,µm,secondary_engineering_outcome,ref:markstedt mantas biomacromol 2015,2,556.4343,159.06268047842022,443.96,668.9086,663.5599908141538,-94.40752114477401,569.1524696693798,12.71816966937979,94.40752114477401,46
filament_diameter,filament_diameter,filament_diameter_um,Filament diameter,µm,secondary_engineering_outcome,ref:mistry yang biomacromolj 2018,30,800.0,0.0,800.0,800.0,663.5599908141538,135.22554281264706,798.7855336268009,-1.2144663731991159,135.22554281264706,45
filament_diameter,filament_diameter,filament_diameter_um,Filament diameter,µm,secondary_engineering_outcome,ref:moncal ozbolat jmatscimatmed 2019,1,462.0,,462.0,462.0,663.5599908141538,-158.77975741062065,504.7802334035332,42.7802334035332,158.77975741062065,41
filament_diameter,filament_diameter,filament_diameter_um,Filament diameter,µm,secondary_engineering_outcome,ref:mondal singh scirep 2019,4,407.9425,98.58786449152858,293.09,524.5,663.5599908141538,-239.4862209999355,424.0737698142183,16.131269814218285,239.4862209999355,31
filament_diameter,filament_diameter,filament_diameter_um,Filament diameter,µm,secondary_engineering_outcome,ref:ning chen biofab 2018,6,300.90333333333336,15.768303227255204,286.84,328.74,663.5599908141538,-347.0713446609226,316.48864615323123,15.585312819897865,347.0713446609226,17
filament_diameter,filament_diameter,filament_diameter_um,Filament diameter,µm,secondary_engineering_outcome,ref:ojansivu mustafa biofab 2019,6,698.54,82.32976448405522,573.26,829.36,663.5599908141538,33.47672950144351,697.0367203155973,-1.503279684402628,33.47672950144351,53
filament_diameter,filament_diameter,filament_diameter_um,Filament diameter,µm,secondary_engineering_outcome,ref:othman 2020,1,1500.0,,1500.0,1500.0,663.5599908141538,658.9092468729159,1322.4692376870698,-177.53076231293016,658.9092468729159,4
filament_diameter,filament_diameter,filament_diameter_um,Filament diameter,µm,secondary_engineering_outcome,ref:ouyang 2015,3,415.0,0.0,415.0,415.0,663.5599908141538,-228.0763559162613,435.48363489789256,20.483634897892557,228.0763559162613,33
filament_diameter,filament_diameter,filament_diameter_um,Filament diameter,µm,secondary_engineering_outcome,ref:ouyang 2016,11,500.0,0.0,500.0,500.0,663.5599908141538,-159.649573623265,503.9104171908888,3.9104171908887793,159.649573623265,40
filament_diameter,filament_diameter,filament_diameter_um,Filament diameter,µm,secondary_engineering_outcome,ref:ouyang burdick advmat 2017,10,567.9739999999999,98.89873554971936,410.53,688.16,663.5599908141538,-93.07817365982737,570.4818171543264,2.507817154326517,93.07817365982737,47
filament_diameter,filament_diameter,filament_diameter_um,Filament diameter,µm,secondary_engineering_outcome,ref:sakai nagasuna mattodbio 2020,1,400.0,,400.0,400.0,663.5599908141538,-207.62052645260445,455.93946436154937,55.93946436154937,207.62052645260445,35
filament_diameter,filament_diameter,filament_diameter_um,Filament diameter,µm,secondary_engineering_outcome,ref:sanz garcia escobedo lucea polymers 2020,2,400.0,0.0,400.0,400.0,663.5599908141538,-232.26963781143874,431.29035300271505,31.29035300271505,232.26963781143874,32
filament_diameter,filament_diameter,filament_diameter_um,Filament diameter,µm,secondary_engineering_outcome,ref:shim cho jmicromechmicroeng 2012,4,475.1275,271.4916892988316,68.27,624.48,663.5599908141538,-176.5410692161761,487.01892159797774,11.89142159797774,176.5410692161761,36
filament_diameter,filament_diameter,filament_diameter_um,Filament diameter,µm,secondary_engineering_outcome,ref:shin burdick actabiomat 2019,8,1539.63375,745.1438945396003,896.94,2922.58,663.5599908141538,847.5298766631269,1511.0898674772807,-28.543882522719286,847.5298766631269,1
filament_diameter,filament_diameter,filament_diameter_um,Filament diameter,µm,secondary_engineering_outcome,ref:soliman lim advhealthmat 2020,4,309.7,31.874592807856658,291.28,357.32,663.5599908141538,-331.52892508739586,332.03106572675796,22.33106572675797,331.52892508739586,18
filament_diameter,filament_diameter,filament_diameter_um,Filament diameter,µm,secondary_engineering_outcome,ref:soltan chen acsbiomat 2019,9,1042.4855555555557,221.3727634054781,833.96,1560.65,663.5599908141538,367.91146936255,1031.4714601767039,-11.014095378851835,367.91146936255,16
filament_diameter,filament_diameter,filament_diameter_um,Filament diameter,µm,secondary_engineering_outcome,ref:tigner alge biomacromol 2020,12,1372.2873333333334,207.957342490466,1014.45,1687.146,663.5599908141538,693.1640037417304,1356.7239945558842,-15.56333877744919,693.1640037417304,3
filament_diameter,filament_diameter,filament_diameter_um,Filament diameter,µm,secondary_engineering_outcome,ref:yang zhao matsciengc 2018,6,928.3318666666668,237.5494803208011,747.1096,1233.2,663.5599908141538,253.3932001107308,916.9531909248847,-11.378675741782104,253.3932001107308,28
filament_diameter,filament_diameter,filament_diameter_um,Filament diameter,µm,secondary_engineering_outcome,ref:yao 2019,1,973.0,,973.0,973.0,663.5599908141538,243.7627100160528,907.3227008302066,-65.6772991697934,243.7627100160528,30
filament_diameter,filament_diameter,filament_diameter_um,Filament diameter,µm,secondary_engineering_outcome,ref:yin suo appmatint 2018,9,592.2177777777778,88.48079859180999,460.74,713.0,663.5599908141538,-69.26853416106125,594.2914566530926,2.0736788753148403,69.26853416106125,49
filament_diameter,filament_diameter,filament_diameter_um,Filament diameter,µm,secondary_engineering_outcome,ref:yu ozbolat jbiomecheng 2013,18,1182.4572222222223,33.84677616163684,1103.19,1227.6,663.5599908141538,511.2447137401249,1174.8047045542787,-7.6525176679435845,511.2447137401249,8
filament_diameter,filament_diameter,filament_diameter_um,Filament diameter,µm,secondary_engineering_outcome,ref:zhang ozbolat biomatsci 2015,3,732.6133333333333,76.4628840244293,677.57,819.92,663.5599908141538,63.362710442758434,726.9227012569122,-5.690632076421139,63.362710442758434,50
filament_diameter,filament_diameter,filament_diameter_um,Filament diameter,µm,secondary_engineering_outcome,ref:zhao 2014,4,500.0,0.0,500.0,500.0,663.5599908141538,-153.23819971045953,510.3217911036943,10.321791103694295,153.23819971045953,43
filament_diameter,filament_to_nozzle_ratio,filament_to_nozzle_ratio,Filament-to-nozzle ratio,dimensionless,derived_sensitivity_outcome,ref:akkineni gelinsky biofab 2016,2,2.41105,0.8932879966729654,1.7794,3.0427,1.8004992876410095,0.5679028474585602,2.36840213509957,-0.042647864900430044,0.5679028474585602,26
filament_diameter,filament_to_nozzle_ratio,filament_to_nozzle_ratio,Filament-to-nozzle ratio,dimensionless,derived_sensitivity_outcome,ref:be22assoni khademhosseini biofab 2014,3,0.9542,0.036546408852307186,0.933,0.9964,1.8004992876410095,-0.8059496269431792,0.9945496606978304,0.0403496606978303,0.8059496269431792,16
filament_diameter,filament_to_nozzle_ratio,filament_to_nozzle_ratio,Filament-to-nozzle ratio,dimensionless,derived_sensitivity_outcome,ref:bociaga rosinska mat 2020,3,3.636333333333333,0.0,3.636333333333333,3.636333333333333,1.8004992876410095,1.7483055768362463,3.5488048644772556,-0.08752846885607735,1.7483055768362463,3
filament_diameter,filament_to_nozzle_ratio,filament_to_nozzle_ratio,Filament-to-nozzle ratio,dimensionless,derived_sensitivity_outcome,ref:chen zhang appmatint 2019,3,0.7283809523809525,0.0,0.7283809523809525,0.7283809523809525,1.8004992876410095,-1.0210021265057663,0.7794971611352433,0.05111620875429079,1.0210021265057663,10
filament_diameter,filament_to_nozzle_ratio,filament_to_nozzle_ratio,Filament-to-nozzle ratio,dimensionless,derived_sensitivity_outcome,ref:chung wallace biomatsci 2013,3,1.60565,0.0,1.60565,1.60565,1.8004992876410095,-0.18555930860127376,1.6149399790397359,0.00928997903973583,0.18555930860127376,43
filament_diameter,filament_to_nozzle_ratio,filament_to_nozzle_ratio,Filament-to-nozzle ratio,dimensionless,derived_sensitivity_outcome,ref:cidonio oreffo biofab 2019,1,0.9907333333333336,,0.9907333333333336,0.9907333333333336,1.8004992876410095,-0.7040254024369804,1.0964738852040292,0.10574055187069564,0.7040254024369804,23
filament_diameter,filament_to_nozzle_ratio,filament_to_nozzle_ratio,Filament-to-nozzle ratio,dimensionless,derived_sensitivity_outcome,ref:colosi khademhosseini advmat 2016,9,1.229631746031746,0.25235404906023895,1.0062857142857142,1.6656190476190476,1.8004992876410095,-0.5614971383573658,1.2390021492836438,0.009370403251897752,0.5614971383573658,27
filament_diameter,filament_to_nozzle_ratio,filament_to_nozzle_ratio,Filament-to-nozzle ratio,dimensionless,derived_sensitivity_outcome,ref:dai 2016,1,1.068230769230769,,1.068230769230769,1.068230769230769,1.8004992876410095,-0.6366477074310543,1.1638515802099554,0.09562081097918629,0.6366477074310543,24
filament_diameter,filament_to_nozzle_ratio,filament_to_nozzle_ratio,Filament-to-nozzle ratio,dimensionless,derived_sensitivity_outcome,ref:daly kelly biofab 2016,4,1.8377884615384619,0.6009018505743418,1.0196153846153848,2.467,1.8004992876410095,0.03593969038375843,1.8364389780247679,-0.0013494835136940164,0.03593969038375843,51
filament_diameter,filament_to_nozzle_ratio,filament_to_nozzle_ratio,Filament-to-nozzle ratio,dimensionless,derived_sensitivity_outcome,ref:das ghosh actabiomat 2015,3,1.4029733333333334,0.05845102337284892,1.33736,1.44948,1.8004992876410095,-0.37857280427064155,1.421926483370368,0.018953150037034572,0.37857280427064155,32
filament_diameter,filament_to_nozzle_ratio,filament_to_nozzle_ratio,Filament-to-nozzle ratio,dimensionless,derived_sensitivity_outcome,ref:duan butcher jbiomedmatres 2012,2,1.176625,0.0,1.176625,1.176625,1.8004992876410095,-0.5802957514185805,1.220203536222429,0.04357853622242902,0.5802957514185805,25
filament_diameter,filament_to_nozzle_ratio,filament_to_nozzle_ratio,Filament-to-nozzle ratio,dimensionless,derived_sensitivity_outcome,ref:duin 2019,2,1.0032321428571427,0.13378628658806904,0.9086309523809524,1.0978333333333332,1.8004992876410095,-0.741576862564851,1.0589224250761586,0.05569028221901595,0.741576862564851,20
filament_diameter,filament_to_nozzle_ratio,filament_to_nozzle_ratio,Filament-to-nozzle ratio,dimensionless,derived_sensitivity_outcome,ref:fedorovich dhe22 tissueeng 2008,5,2.057767369242779,0.022692337008194664,2.0476190476190474,2.098360655737705,1.8004992876410095,0.24976541680591113,2.0502647044469207,-0.0075026647958584824,0.24976541680591113,38
filament_diameter,filament_to_nozzle_ratio,filament_to_nozzle_ratio,Filament-to-nozzle ratio,dimensionless,derived_sensitivity_outcome,ref:fisch zenobi wong biofab 2021,4,2.5946463414634144,0.13877529031375022,2.474463414634146,2.7148292682926827,1.8004992876410095,0.7654071208990123,2.565906408540022,-0.028739932923392608,0.7654071208990123,19
filament_diameter,filament_to_nozzle_ratio,filament_to_nozzle_ratio,Filament-to-nozzle ratio,dimensionless,derived_sensitivity_outcome,ref:gantumar sakai,2,7.076809523809524,1.1300239798390734,6.277761904761904,7.875857142857143,1.8004992876410095,4.907752208850128,6.708251496491137,-0.3685580273183868,4.907752208850128,1
filament_diameter,filament_to_nozzle_ratio,filament_to_nozzle_ratio,Filament-to-nozzle ratio,dimensionless,derived_sensitivity_outcome,ref:gao cho advfuncmat 2017,4,0.9211955538809344,0.08505436920058537,0.7984559155990957,0.9913564431047476,1.8004992876410095,-0.8474820072852093,0.9530172803558002,0.03182172647486581,0.8474820072852093,14
filament_diameter,filament_to_nozzle_ratio,filament_to_nozzle_ratio,Filament-to-nozzle ratio,dimensionless,derived_sensitivity_outcome,ref:gao ma biomat 2015,1,0.58135,,0.58135,0.58135,1.8004992876410095,-1.0599507960248213,0.7405484916161882,0.15919849161618815,1.0599507960248213,8
filament_diameter,filament_to_nozzle_ratio,filament_to_nozzle_ratio,Filament-to-nozzle ratio,dimensionless,derived_sensitivity_outcome,ref:giuseppe 2018,3,1.4927536231884055,0.1328282810132129,1.3478260869565215,1.608695652173913,1.8004992876410095,-0.29307303820414904,1.5074262494368604,0.01467262624845489,0.29307303820414904,35
filament_diameter,filament_to_nozzle_ratio,filament_to_nozzle_ratio,Filament-to-nozzle ratio,dimensionless,derived_sensitivity_outcome,ref:idaszek swieszkowski biofab 2019,3,0.7489294871794873,0.10643710523964321,0.6686153846153846,0.8696538461538462,1.8004992876410095,-1.0014332999724582,0.7990659876685513,0.05013650048906404,1.0014332999724582,11
filament_diameter,filament_to_nozzle_ratio,filament_to_nozzle_ratio,Filament-to-nozzle ratio,dimensionless,derived_sensitivity_outcome,ref:jia khademhosseini biomat 2016,9,1.6375456053067994,0.20452697676073886,1.3899004975124378,1.92452736318408,1.8004992876410095,-0.16027890823416477,1.6402203794068448,0.002674774100045463,0.16027890823416477,45
filament_diameter,filament_to_nozzle_ratio,filament_to_nozzle_ratio,Filament-to-nozzle ratio,dimensionless,derived_sensitivity_outcome,ref:kang jin small 2020,12,2.5405463333333334,0.5342930747839247,2.0,3.948822,1.8004992876410095,0.7308989783703368,2.5313982660113465,-0.009148067321986808,0.7308989783703368,22
filament_diameter,filament_to_nozzle_ratio,filament_to_nozzle_ratio,Filament-to-nozzle ratio,dimensionless,derived_sensitivity_outcome,ref:kilian ahlfeld akkineni bioprint 2020,12,1.4072758130081302,0.6081861194729714,0.8128780487804877,2.221463414634146,1.8004992876410095,-0.38836265552756694,1.4121366321134425,0.004860819105312331,0.38836265552756694,31
filament_diameter,filament_to_nozzle_ratio,filament_to_nozzle_ratio,Filament-to-nozzle ratio,dimensionless,derived_sensitivity_outcome,ref:kolan leu bioprintamer 2019,6,3.064138617886179,0.49506596521728075,2.477512195121951,3.808712195121951,1.8004992876410095,1.2327799253638687,3.033279213004878,-0.0308594048813009,1.2327799253638687,5
filament_diameter,filament_to_nozzle_ratio,filament_to_nozzle_ratio,Filament-to-nozzle ratio,dimensionless,derived_sensitivity_outcome,ref:kolesky lewis advmat 2014,4,1.8346125,0.7883989138067522,1.1168,2.5977,1.8004992876410095,0.03287866589775342,1.8333779535387629,-0.001234546461237107,0.03287866589775342,52
filament_diameter,filament_to_nozzle_ratio,filament_to_nozzle_ratio,Filament-to-nozzle ratio,dimensionless,derived_sensitivity_outcome,ref:kosik koziol swieszkowski biofab 2019,6,0.58378,0.220643764652437,0.38664,0.9338,1.8004992876410095,-1.187005719674649,0.6134935679663605,0.029713567966360488,1.187005719674649,6
filament_diameter,filament_to_nozzle_ratio,filament_to_nozzle_ratio,Filament-to-nozzle ratio,dimensionless,derived_sensitivity_outcome,ref:li fu scirep 2018,8,1.8306496323529413,0.2917788241680935,1.4377352941176471,2.333794117647059,1.8004992876410095,0.029594725100454224,1.8300940127414638,-0.0005556196114775425,0.029594725100454224,53
filament_diameter,filament_to_nozzle_ratio,filament_to_nozzle_ratio,Filament-to-nozzle ratio,dimensionless,derived_sensitivity_outcome,ref:li li acsapplmatinterf 2017,2,1.41424,0.09413005471155314,1.34768,1.4808,1.8004992876410095,-0.35927850851423987,1.4412207791267697,0.02698077912676977,0.35927850851423987,34
filament_diameter,filament_to_nozzle_ratio,filament_to_nozzle_ratio,Filament-to-nozzle ratio,dimensionless,derived_sensitivity_outcome,ref:li xu 3biotech 2018,3,0.703448717948718,0.19484778740445133,0.5109230769230769,0.9005384615384615,1.8004992876410095,-1.0447456476607133,0.7557536399802962,0.052304922031578216,1.0447456476607133,9
filament_diameter,filament_to_nozzle_ratio,filament_to_nozzle_ratio,Filament-to-nozzle ratio,dimensionless,derived_sensitivity_outcome,ref:li zhou addman 2021,4,2.0531953,0.6011618781249857,1.22988,2.6681640000000004,1.8004992876410095,0.24355102288852454,2.044050310529534,-0.009144989470466047,0.24355102288852454,39
filament_diameter,filament_to_nozzle_ratio,filament_to_nozzle_ratio,Filament-to-nozzle ratio,dimensionless,derived_sensitivity_outcome,ref:lim levato advhealthmat 2020,4,1.0419436201780417,0.21630521072467765,0.8362908011869435,1.2433234421364985,1.8004992876410095,-0.731103775654495,1.0693955119865146,0.02745189180847296,0.731103775654495,21
filament_diameter,filament_to_nozzle_ratio,filament_to_nozzle_ratio,Filament-to-nozzle ratio,dimensionless,derived_sensitivity_outcome,ref:liu zhang advhealthmat 2017,3,3.0053968253968257,0.09590781587483135,2.8992857142857145,3.0859047619047617,1.8004992876410095,1.1474507130519784,2.947950000692988,-0.05744682470383777,1.1474507130519784,7
filament_diameter,filament_to_nozzle_ratio,filament_to_nozzle_ratio,Filament-to-nozzle ratio,dimensionless,derived_sensitivity_outcome,ref:markstedt mantas biomacromol 2015,2,1.854781,0.5302089349280671,1.4798666666666669,2.2296953333333334,1.8004992876410095,0.05049005494480826,1.8509893425858177,-0.0037916574141823034,0.05049005494480826,50
filament_diameter,filament_to_nozzle_ratio,filament_to_nozzle_ratio,Filament-to-nozzle ratio,dimensionless,derived_sensitivity_outcome,ref:mistry yang biomacromolj 2018,30,0.9523809523809524,0.0,0.9523809523809524,0.9523809523809524,1.8004992876410095,-0.8438934046435809,0.9566058829974287,0.004224930616476219,0.8438934046435809,15
filament_diameter,filament_to_nozzle_ratio,filament_to_nozzle_ratio,Filament-to-nozzle ratio,dimensionless,derived_sensitivity_outcome,ref:moncal ozbolat jmatscimatmed 2019,1,1.370919881305638,,1.370919881305638,1.370919881305638,1.8004992876410095,-0.3734842306163283,1.4270150570246813,0.05609517571904332,0.3734842306163283,33
filament_diameter,filament_to_nozzle_ratio,filament_to_nozzle_ratio,Filament-to-nozzle ratio,dimensionless,derived_sensitivity_outcome,ref:mondal singh scirep 2019,4,0.9877542372881356,0.23871153629910075,0.7096610169491525,1.2699757869249395,1.8004992876410095,-0.7833320617652642,1.0171672258757454,0.029412988587609767,0.7833320617652642,18
filament_diameter,filament_to_nozzle_ratio,filament_to_nozzle_ratio,Filament-to-nozzle ratio,dimensionless,derived_sensitivity_outcome,ref:ning chen biofab 2018,6,1.5045166666666667,0.07884151613627595,1.4342,1.6437,1.8004992876410095,-0.28875441327309936,1.5117448743679103,0.00722820770124355,0.28875441327309936,36
filament_diameter,filament_to_nozzle_ratio,filament_to_nozzle_ratio,Filament-to-nozzle ratio,dimensionless,derived_sensitivity_outcome,ref:ojansivu mustafa biofab 2019,6,1.369686274509804,0.16143091075304944,1.1240392156862744,1.6261960784313725,1.8004992876410095,-0.42029210508241155,1.380207182558598,0.01052090804879402,0.42029210508241155,30
filament_diameter,filament_to_nozzle_ratio,filament_to_nozzle_ratio,Filament-to-nozzle ratio,dimensionless,derived_sensitivity_outcome,ref:othman 2020,1,1.5,,1.5,1.5,1.8004992876410095,-0.2612596032076504,1.5392396844333591,0.03923968443335912,0.2612596032076504,37
filament_diameter,filament_to_nozzle_ratio,filament_to_nozzle_ratio,Filament-to-nozzle ratio,dimensionless,derived_sensitivity_outcome,ref:ouyang 2015,3,1.66,0.0,1.66,1.66,1.8004992876410095,-0.13380059526658597,1.6666986923744236,0.006698692374423665,0.13380059526658597,47
filament_diameter,filament_to_nozzle_ratio,filament_to_nozzle_ratio,Filament-to-nozzle ratio,dimensionless,derived_sensitivity_outcome,ref:ouyang 2016,11,2.0,0.0,2.0,2.0,1.8004992876410095,0.19681341787048034,1.9973127055114899,-0.002687294488510128,0.19681341787048034,40
filament_diameter,filament_to_nozzle_ratio,filament_to_nozzle_ratio,Filament-to-nozzle ratio,dimensionless,derived_sensitivity_outcome,ref:ouyang burdick advmat 2017,10,1.6853827893175073,0.2934680580110368,1.2181899109792285,2.0420178041543027,1.8004992876410095,-0.11341309903705242,1.6870861886039572,0.0017033992864499137,0.11341309903705242,48
filament_diameter,filament_to_nozzle_ratio,filament_to_nozzle_ratio,Filament-to-nozzle ratio,dimensionless,derived_sensitivity_outcome,ref:sakai nagasuna mattodbio 2020,1,1.818181818181818,,1.818181818181818,1.818181818181818,1.8004992876410095,0.015373517019174113,1.8158728046601837,-0.002309013521634151,0.015373517019174113,54
filament_diameter,filament_to_nozzle_ratio,filament_to_nozzle_ratio,Filament-to-nozzle ratio,dimensionless,derived_sensitivity_outcome,ref:sanz garcia escobedo lucea polymers 2020,2,1.6,0.0,1.6,1.6,1.8004992876410095,-0.1864941176217849,1.6140051700192246,0.014005170019224522,0.1864941176217849,42
filament_diameter,filament_to_nozzle_ratio,filament_to_nozzle_ratio,Filament-to-nozzle ratio,dimensionless,derived_sensitivity_outcome,ref:shim cho jmicromechmicroeng 2012,4,1.9005100000000001,1.0859667571953266,0.27308,2.49792,1.8004992876410095,0.09639135603073604,1.8968906436717456,-0.003619356328254497,0.09639135603073604,49
filament_diameter,filament_to_nozzle_ratio,filament_to_nozzle_ratio,Filament-to-nozzle ratio,dimensionless,derived_sensitivity_outcome,ref:shin burdick actabiomat 2019,8,1.649348405964777,0.79824302024639,0.9608561511762438,3.130843724557569,1.8004992876410095,-0.14836542781313664,1.652133859827873,0.0027854538630960324,0.14836542781313664,46
filament_diameter,filament_to_nozzle_ratio,filament_to_nozzle_ratio,Filament-to-nozzle ratio,dimensionless,derived_sensitivity_outcome,ref:soliman lim advhealthmat 2020,4,0.9189910979228486,0.09458336144764588,0.8643323442136498,1.0602967359050446,1.8004992876410095,-0.8496066846732401,0.9508926029677695,0.03190150504492084,0.8496066846732401,13
filament_diameter,filament_to_nozzle_ratio,filament_to_nozzle_ratio,Filament-to-nozzle ratio,dimensionless,derived_sensitivity_outcome,ref:soltan chen acsbiomat 2019,9,4.9642169312169315,1.0541560162165626,3.9712380952380952,7.4316666666666675,1.8004992876410095,3.111787365648625,4.912286653289634,-0.05193027792729765,3.111787365648625,2
filament_diameter,filament_to_nozzle_ratio,filament_to_nozzle_ratio,Filament-to-nozzle ratio,dimensionless,derived_sensitivity_outcome,ref:tigner alge biomacromol 2020,12,1.637574383452665,0.24815911991702375,1.2105608591885442,2.013300715990453,1.8004992876410095,-0.16091091332030488,1.6395883743207047,0.002013990868039661,0.16091091332030488,44
filament_diameter,filament_to_nozzle_ratio,filament_to_nozzle_ratio,Filament-to-nozzle ratio,dimensionless,derived_sensitivity_outcome,ref:yang zhao matsciengc 2018,6,3.57050717948718,0.9136518473876969,2.8734984615384613,4.743076923076924,1.8004992876410095,1.7267824327533552,3.527281720394365,-0.043225459092814944,1.7267824327533552,4
filament_diameter,filament_to_nozzle_ratio,filament_to_nozzle_ratio,Filament-to-nozzle ratio,dimensionless,derived_sensitivity_outcome,ref:yao 2019,1,2.861764705882353,,2.861764705882353,2.861764705882353,1.8004992876410095,0.9226836584017768,2.7231829460427863,-0.13858175983956666,0.9226836584017768,12
filament_diameter,filament_to_nozzle_ratio,filament_to_nozzle_ratio,Filament-to-nozzle ratio,dimensionless,derived_sensitivity_outcome,ref:yin suo appmatint 2018,9,2.277760683760684,0.3403107638146539,1.772076923076923,2.7423076923076923,1.8004992876410095,0.4694274742161819,2.2699267618571914,-0.007833921903492413,0.4694274742161819,28
filament_diameter,filament_to_nozzle_ratio,filament_to_nozzle_ratio,Filament-to-nozzle ratio,dimensionless,derived_sensitivity_outcome,ref:yu ozbolat jbiomecheng 2013,18,0.9936615312791783,0.02844266904339231,0.9270504201680672,1.031596638655462,1.8004992876410095,-0.8001611129891179,1.0003381746518918,0.006676643372713453,0.8001611129891179,17
filament_diameter,filament_to_nozzle_ratio,filament_to_nozzle_ratio,Filament-to-nozzle ratio,dimensionless,derived_sensitivity_outcome,ref:zhang ozbolat biomatsci 2015,3,1.3566913580246913,0.14159793337857277,1.2547592592592594,1.5183703703703704,1.8004992876410095,-0.4226481583196409,1.3778511293213687,0.021159771296677343,0.4226481583196409,29
filament_diameter,filament_to_nozzle_ratio,filament_to_nozzle_ratio,Filament-to-nozzle ratio,dimensionless,derived_sensitivity_outcome,ref:zhao 2014,4,2.0,0.0,2.0,2.0,1.8004992876410095,0.1922808441195126,1.992780131760522,-0.007219868239477956,0.1922808441195126,41
